"0x0000000000000000000000000000000000000000",140394
"0x6798639591530FbBAfd12c2826422B58bD2c5219",14881
"0x984a6Ddbb57Be990B67282D3343F635d955Eca89",997
"0x81ee20921f17dB2A4413793640242cbeE450De9A",17026
"0xD555810c6D1bd7387B7ECfA0e0e5fa2Ffb47d96e",9047
"0x35352992410b0fB6a2b75caaf15Ea285aC7663E6",13
"0x43Ee9cE773BdA7AA78f4271061Fa7c7858e3820B",18
"0xc281F2299CB58E5050008DbbBc5FBE6c936E944F",4
"0x20f1b6BDc3A8f8E47291702a30E7cC5E6f75F664",67
"0x1DD79e1408333ea3E7eBA92fceA6C1F9f347A66f",4486
"0x8e5C1397cD01bCe03590514F5d7e055eAE4fbFfc",423
"0xAbFF1e9cFA87EE14fEe544C64957392852d9113d",12
"0x982eB8aA85b2AFB7BEc215F8De9b594b793d2E51",20
"0x8A475d496EEA6dD904F93Ef5ae6e8d4dc33d7Ea2",79
"0xed5BD31f9D42D1Ca6DDdB97C1e52922836A652a1",2
"0xc48F4a04cCd3A97355aA3ABb602C055064d15A91",1
"0x89697A45BA1FEFbc575BdcA6e0C50D5112A5a766",5877
"0x261E97c0445cA180fC096eaB84A6d37726A2A34d",9
"0x51bE10A81f33069a3E346da92e9079b564828b4d",4
"0xB5680740342D610805cB0Df94dDF81aCBc83291e",1
"0xB79d9D13F1b79568b80b1E04f99b3F455c93041f",30
"0x81936618c4a84515B50Cc58C2549222367220b05",459
"0x048363a392d0406d944B187C5A5060F0F5D389F1",3
"0x99f5C8fca8E95E7b31900843a5482E9a8E031900",2
"0x4D8E5e207aAD2e9C423bf4FD4cD53063e583c28A",15
"0x74da738FC5Eb92467a9aFbF06205F681Ab3853dc",181
"0x8945120852b01CfC0Fbf4812AA36689ff379433C",574
"0xEcAa8a26d9968ceBdb7115b25E478B5B3ae57969",13
"0x872692EfcaB07a01723705d0460E2e5207Bc1ffe",21
"0x24b35D03690F80D6ebDc8613bB7EAF982e234d5e",2
"0xbDfB553D846DFC9Eb018cfb05c2098B5643302b3",109
"0xA48F16350eC5587d90BC47f2944FE1F1325Ad61E",1
"0x44444442d2E2c308B6D3E5261C0F81A3542A5f8A",99
"0x0164eC96442196a02931f57E7E20fA59cff43845",15292
"0x244ddd3E28809D176bDCd00Edc58d18D839DF65A",16213
"0x86CebeE6689d69AD7B7e47CF59A9A9Cc5EBdfdEb",1
"0x2408e37489C231F883126c87E8aaDbaD782a040a",15370
"0x195816908ADa9010953a51a3d45EAD767C0190D5",15607
"0x9d69394BD71906a235f9113cC04321F573958d3E",15136
"0x9FdA81128375Df1b6433Ae83c2a06de572a1A056",82
"0xe753c17b67639807FcF8eAcfE6166818803bBc94",21
"0x7f106b53E55C84810FBe3991333F6a4Ec5d44a22",1
"0x4fF9343D51064263b2B2F0CF150aE2a6c2Ab2662",15
"0x418cB0346FF256EF483AEbD1f4d18D1Eda3369Cf",362
"0x635A2d3dBb87D910f5d8484b75D5Ea6D2d1a2866",518
"0x1f371EAee900CF3856b4552d754227cb872C53A2",11
"0x45E1ceD158801a4D8E6E19Bad5E29361Ca66a1FC",49
"0xB4ebf2889D771b251f70f241895b909B76e4B861",20
"0x47b3Ff13507053f4a3860Ec76386caCB1FfF68BF",15
"0x9E73B94D8696EC05fB108A58850601F9A9d4c21a",2
"0xa2E4F328817dB7A6fC588BC5d101cd752C8DD554",29
"0xB6EA1d497Ce6A0308113ff9dac6ba4C7eBC931e4",11
"0x98B937a31841EAfC103BEa461D8F1e6A26Dc7042",5
"0xb19B1F26657d02C501751417BE4A4cCeA88FBE13",1
"0xd3B7bC0c567C219C5D7F026d0be26E9cfB56e7F2",12
"0x3D1e10eeC9256f832a46F3f8AdaC60c7a80828B6",1
"0x575F45CAA093a6Cee1aFD2E034732CBA5aFF1925",66
"0x9a0F3c243F3e08201bC27d17a0259cF2fDC34513",6
"0xa1A66F91d65d368572761e9aA448FF3d0D4463C8",8
"0xe15bd35cD6960967fe82502E8425bd50A58A8087",1
"0x8F0779ef897d4f0c439F16B93e43346E4cABab18",11
"0x6bF1Bf2129936aFF6eDFA434Fc8267045A61dCEe",1
"0xe0B0f469E40C69794efA64138311934A76e58470",8
"0xF9C8443C0f7e51C27d58C8aFf2850e77b5Fea35D",3250
"0x8E1885318aAAFBA3b6c020B1d650365d98F1F84E",21
"0xF85A8e91A7205aa82B665172B0b716a8c10a6a22",2
"0xCb5a91A8F484D93aB99e33909AACA097F07Be0A0",7
"0xdEAE9E49A0049bf41fD0781b16375632C75BCb2a",7
"0x59B95987b0Eda86E356B316402aF9A1f9F56B2cD",5
"0xDd2e1fB5488B0567622639267951fab34DE88B26",10
"0x941D1e11644a07C91dd33e36514bcd1bb78961e4",2
"0x4702F64E56397bfbCEf4ea3478903fc0d50F8Fa0",1
"0x89aca73FA1e0f510CE5Fe8468bD7F076681c0c80",1
"0x95e0aE2F9581fdC1F4FC7fc111c13D62eeF3b888",1
"0xC7A5EA313759e264e791abD1F8753270365A9630",5
"0x91B3A4d020892D1b2fE3C585dE1fdE750Ce5C7ad",222
"0x0E63860dA85f68e8c8529ea62d939554f3b0fd7B",23
"0x10A1bb62Cb8a208137b1A9f172461f303BCFb607",3
"0x3e95E277fD0dEdD745Cc4d198b8c8f51d1A80DaD",107
"0x8b3f15174ddAfF17270dae5666577B7047c67d11",1
"0x70923095a9210A18837132112952Fe0a04a508D0",22
"0xE8ADd98115d3C99f69978F36922B1f836d4285C8",2
"0x44bf7d5e2C6C687b25412007B6d583e7f9C3322d",1
"0x7777D1E30c10D45fFb48e7b6273681D3555fD12e",26
"0xc4832E470c6ddbbC556374C18e7e39A04A8a95aD",3
"0xadB4A05e7dD1aa4912217dd38C54e087E02Df708",3
"0xDDd67FafE3859b4051cd1A3F4C3c42bdF105E05c",10
"0xbb66C87b125a8D8AaaD2b280525208CfD458541e",103
"0xBd866aaaf71394E8cD6f8B679C11E822eE88Ccf9",7
"0x3D2971bB13d34292d3e156B17C480A147CB0dB5A",1
"0xACa6b3A2f87249187ad8348d5Ab74f250e2eD1F6",7
"0x28f7052caaC00a4491D2422d5449ac897110165c",7
"0x668808043B073d8e42CE450063756Af594824Bf3",1
"0xC66D622683bBc3aA847E74A7Bdb4afEDD558318A",17
"0x772F9C22Dbcbc5e5C23BdB37e4cA393260163096",2713
"0x5317B48f607f18D8aC8CcA5fE0DB9Be8E36d8678",2
"0x7951282932848B835D96E68433b47B7aAc1883CB",3
"0xa90e447ccFAB02e7F482D146437a50204a9e105f",5
"0x072cb43154a2c03c67De6e823eBc836D1799B066",5
"0x64A8dB76C16B00AdE0D6729F290372B898194e6D",1
"0x8AEc0E2A104b87C0410e86daB387bB61A41a5BA5",6
"0x45BbfEb21968dC09b9fB190E931b96E2B06d3995",1
"0x66Ed3D202ACF90987Fa3d6a8f4EF9eB4421Ad6FA",1
"0x68b68394bBF903b12cb9C37720349284aD50a868",1
"0x57C7A76dC441E816cEA99A9f61ae247AB0B22831",1
"0x251C726a4Cc6Fe3BA69d1a533b88c3C09eE55c7E",2
"0xeD5Ed1CEa569FB8A2b6FCa3E44a6111A3820Ad71",1
"0xee679D86e5c5D9Fd239396Cb3e56FE2eB2492ea1",2
"0x50e58eaEca8ee1aD18d51520D628368E88d7980B",2
"0x27DdA2c02c21af55552a0DB1a1253ef3251E5d8a",4
"0x07959a96b385B3D869B5b6285e2d22DF189Cf27A",4
"0x8D8fffa6D676c6E9F6e93deaE33A173D1A29e464",1
"0x5F848114C97631775128a912f79EcfB79E0D53EF",2
"0x443820e912A9200Ff39cD39A47c7f37e520984d0",3
"0x760A37f3e74c8B06BDAdd999F87EeCd5CddC67FF",8
"0x2c38824857176abf25FdCcf36aFcaeA1A3e5847F",3
"0x90F076ae2F204A0E726909a1D64295D7871783Ba",2
"0x117914BC2453062899cA125FD5AB25B9D4568c60",5
"0xE5a7f81f11e2753123aB936BC7FcC4CaAB4D2C5c",3
"0x9b475239A6629FD5Cd9123a41f65a016a0BAc0FB",79
"0xdbF4aE9cd50ce167e860284f25De272B3b6cdfd1",4
"0x77Aba9e6B54f650582c0c782eC6b5E7E08a0AC4c",1
"0x28a79B8a1cC106C3FEC61c98bbA47eDae476fC3C",1
"0xb8BEB983FCd14929668235e0CB252e1FB4216507",1
"0x9e7a04A6068269ac194FDAc1dc2E34f82C7Cf59D",2
"0x5C6180057ac6e7880752533b2E72649D42B4e9Df",1
"0x588736C133dc225888ed4ea3430CbE97cecB2790",1
"0x77749744Cb211C31234153C68f2a9Ac467bdfc42",2
"0xD85cE91b0f5fF36158F516eEc336A313aa510478",1
"0x46dF28FC7eE8dc7B03C69E5E608708Cf101FFF59",5
"0xb885895d87A29B2C267d800769B8093368057822",1
"0x869851c20a18E6b12872B380Db28416F8f915d0b",1
"0xE767cF47b4BA8b7738b4caf94d4E9b371d7ee2cf",3
"0xdCeec35D1bB4EFE51076A7f13C874B9cabEDdfB7",3
"0xfB924883f1A1D77537eA1fbFF126DA27bDfadeFf",2
"0xF08865cB88d453cDCb0c46e2e201cfCC10756F16",1
"0x9980bfE98133a44e1B03b2EE3903Ca577f435C66",5
"0x0E998a8e79432F42C26889873BF5FA1936F590a6",4
"0x46C6C89A15532cbd11767C7485f6acc9d41afabE",1
"0x721e1dFf0A754FEDEC817359221529dE0237a5A4",7
"0x8326E3752EE7e961F1559aD6d8681327E9Cb83F9",2
"0x4A98dDAEe4FE1d1F6dc78Ed4EE98ff31d2a94139",1
"0x754351d91F927886c51471A7b28f2750656e5e71",2
"0xcB4eEBF5B550891f9AEEa34BfC12b87ba36D5D2d",1
"0x7b022043a26169288cBD978ea46e65B9cfb6d946",1
"0x06e1E6250f297C84301361CEe5A9D36d50737e96",1
"0xc642b20AA14691eAB6d02B618cE757CAc9640A14",98
"0x526D6E33AFc8D44C7bDC8964dcFde896EcA23361",1
"0xeD72CfB82666569869004be34B0cC6E1ddc5381f",2
"0x03663D6401fCf9f1603be1E25202aCf08532543B",20
"0x794bcD103475d4567163a64805fFaB76689c4900",1
"0x13dece54F846D5B3347D3bc1AF6B10c8D361C8F4",2
"0x9Dd1Af88a097333717d3587bcFDa5ee3a6E21504",3
"0x2Da85D0b5EBE658B36Ff5cE1546a985134C193E4",2
"0xf94B9998B794CCfFE42EA799a1307eC774A2828E",1
"0x6dd0D831E9Cb470113192d12907bfa19F5F77415",36
"0xB73628D41b7bf5C9B1Bc838aBa0C5F1d79bF7608",3
"0xB609E778f25Baa351E54FD73043E9c5894Acac2C",1
"0x5EF4Bd7A8440877A7D1c1988f038F37473562560",3
"0x466B9f2A8d9dc5d6404C599C4FFf7b82dccA85fc",2
"0xe7E589256F13e98E26C8dE7Ad14b9B70bd4c547E",1
"0x621674e7Ff63a081ba30bCC74f6c28852AF9F692",1
"0x02E00b9518DD57A5BbA299659d9dd56f075576b6",2
"0x38571222FB272657485F57f9F950402FA0a43064",2
"0x9e420D215392C0999282e9B773c439f5842229ca",2
"0x95C8fd645866D0fE0C0BD4783f8278411E3cB452",2
"0xAc8F1c9b712a82737E82753eD6F8D5c1e0A4F2F0",5
"0xbfd57e11dCe2e723cB390E2ddd26F14042cb401F",1
"0xe7643bcC1EfEeC746ceb53d86A7e16EbEEca7e99",1
"0xfaDEB41F6C82F7D491d3608C3A137faFE4ECD675",2
"0x365F5DB00b128640A1533088b0132bA0E08e6c8f",3
"0x33077446d7e073A01a18F334C0898AF602aE2bB4",2
"0x44B68B7341bCf942DC46936cBf0bC9901DC804a0",2
"0xa164C41BcDa5296217798f0d1812B19c5eA0c25A",2
"0x73465567c9b4A8b3958F8d986fac6a2940c2cd78",2
"0x1925B8Dc60745e37997ED43FFf7f2C7d1ECbC258",1
"0x07a6596c7bC26ad8aFEBb5dC75b436dCf6b8bCad",11
"0x0a4Af74f4406BA545bc0EEEf649D9c7bBF702f42",1
"0x825Cb9998DCD06E5ce66374FDD46643d83172b60",3
"0x1BD8a61B51900aB265Fce6A4b2aE4aF12d23D1E6",1
"0x1595c42cD2aE3e7b5957054b960359d84DA16496",6
"0xF3dd982C8BC182e9F25a3B358996314B781d5FF2",5
"0xC7EE7807a9a01ee41CDEa51Bb2De4D756f58b831",2
"0x02C101CF10D9fD0a4203D2eDEFD49D8D4c15D58A",3
"0x38edb6C68cEb3D030aADF4A34F49edEDb622c97B",2
"0x8Fa9606c0F689A943aa29683FEec07850b97F03E",3
"0x1C6bc8b9527D4811e27cCf6da4b7d8016A36291E",3
"0x8654566e420D110928547aa7F0BFE34580dB5808",2
"0x35006bBE4f35142d8B834c9A4489B14ff9e3903b",1
"0xd8A8ff0b0c5cc287b2866D134C723FBD3434731d",3
"0xAa9D85D85532E0117CcbCc7B0179103f2E4cf057",3
"0x35D919a90e66A77BF05f01C770f3e892a3B5E41C",1
"0x8b1B5F6c1B3924bB731a043b4f0fcCBD23004355",1
"0x9767D18e0F7596E14788Ce97c04288eAB692B13c",1
"0x37bfAfdb662Be7bA26b91faA4216B03bb517B4Ce",1
"0xcBe38CF18B4f57f11696C68AdD28e5e93a33DA80",1
