"0x0000000000000000000000000000000000000001",843890
"0x021AB3e20705D2A223663cD768AD6b825022FAfA",1
"0x0279A30B370cbA48913fbACA3691edfA6Ac0160d",54
"0x02C101CF10D9fD0a4203D2eDEFD49D8D4c15D58A",47
"0x02E88b579DAE1321EB5C7437064339006D55C21E",1
"0x0422630fd61b28322D3638C691A57998731D45bA",1
"0x042456B1708Bc3606078B3Fe7F7248bb914a61Db",1511
"0x046b278a85Ef2A965d31d0c145e34B1C8d71a0fE",148
"0x04CD9cC35601bb748cBC98B549545F44068cDDeB",780
"0x04E9141E6bb741323eEAc1926041340619690d4e",12
"0x05123186591eF6D4d47abEF9cBF822213DfFA785",32
"0x05281a4043Ced877E6A45331B240C84766d010EE",4
"0x0580f333B6920fF2AA03f127d1F4746005d7a588",156
"0x059357632894Ee8139D3F09c3f13d01912eD81a8",1
"0x05A92093c3562aDE567E5f6496D5Eb0f8023f93D",2
"0x069Bb5818aF1f94B5920B627b2E692a3e761D255",96
"0x06CAd4745FE0641395E14DCc0f645715D806d49F",1
"0x06da3715A2Bf67BF29F6AC80476e96C0D9403cE7",1
"0x076604E2c322801c3471867b203fbDFedDbf979C",393
"0x07a115F8C79D4b7D73C9779CE78C124B991d97d7",15
"0x07ed79ce7A5066f82073C1295aC07D2e7eEc84E0",82
"0x0843f14E8aD8c0C33C63ee65f350539F64eB9089",145
"0x08742b4F6d2A968D8486ed6d5faEB6b2929FE031",139
"0x08D51493e375Db74DEA6c2D1AF173C62273dA883",5
"0x08e15f5E22E7D40490E15117Fae327DDbad5C25A",182
"0x08f0B99Ab6624bdf7bC4F0A75504a64154791fD8",1157
"0x0929804D1ED6e60C5EE1Cc990e129BEfD8F78E4c",57
"0x098D3B9D61DE50bD85059969D1b302047D0aC73a",1172
"0x099303891989f26FfA3266928caCa9C3891E4Ec2",2
"0x09E1bC30A1F5A6bEFd65Af0708Ad7046E42Cf708",12
"0x09ee01b76e1b206ccFaEA72293f78F40ED69925E",2
"0x0A1C80bC604Bd0192c59a928219c6e8f0C61874B",69
"0x0a4Af74f4406BA545bc0EEEf649D9c7bBF702f42",7
"0x0aBB8135a12C1E2832885f96DE76443Ea4414924",1
"0x0c4c36e06aBcC8E2511DAa3B0859B8c6A484dAB4",267
"0x0Df2d66041320949bBeEB8cCF920cB843420fd89",4
"0x0E0F9B10818853E570F3f1ade41061F1276da98e",1454
"0x0ef44E37cC7511352236A5d5aD98C7C79E343334",1
"0x0eF4B73A3DA7B0B590BeA91311510B66EF40e432",401
"0x0eF696B2Da7e7c6A3113681ce57344B66BBCF559",79
"0x0f1c49467a126a1fF7F0C8e5A676671c9E424221",40
"0x0F338E1b77Bfbb63eBB24D67cB638B0F4A96f57d",19
"0x0f8361eF329B43fA48aC66A7cD8F619C517274f1",106
"0x0fb12735757D2Bc87964c32f261F018E2Ee17d83",3270
"0x0Ff9d22405C4D1d44fc0fC2De863D4E6D26C160b",1
"0x1088D428817203f6Ef54462501932A73BA775A1d",80
"0x11160e49843c5012c241435628548C5998763CB2",30
"0x11998BBE03DDf43780B883FAd1379bbF94da8e9d",1
"0x126e3c826E1647bCE726ABEA7Fb81162a829Ed96",69
"0x127C5F321464476602cc9D8f9bd936F11bA3FAB3",2
"0x129f0ccB71c790c8e93d3D800f5193324b4241a6",6
"0x1388675fD5D12F9Ffd0BC24b242277C7C6289F61",600
"0x144af457dE1b4195ECdc09E1DF2fAf382c25e5BE",514
"0x156410b3F93639dE08D51DfcD397Ea10c0F123d8",1
"0x1595c42cD2aE3e7b5957054b960359d84DA16496",3
"0x15ab462044f37CE6cd8A5C2D7c2f972ec1214E18",10
"0x16D6A47fE1018B2999218ca385125525DBfB8B91",109
"0x17A56558A38F6e452e5e1e19929507e8f0e6cD8c",9
"0x1959c8c0eaf9E93a8aff33B7a636a0a1281a7819",1
"0x199C9641969468BdC5A5968D2c98906056100681",3440
"0x19D954984eA10F53b20B72BA5737839c38FD8C45",407
"0x19e5536baB3aD5FEfDbCcAfBC41ADbF1eC75F640",2359
"0x19f14FEF313359E146E421B432c5E9F25A014387",6
"0x1ABba3B9fE053aDdeFdc71c146f43a06dd658d09",36
"0x1adb4c23e88eaab99AB892f561ce9F0112F4Cc72",2269
"0x1B25BC639F0b1490556825a267faEb7f8A19c69b",114
"0x1c098ff04d5Bcb90f99bcCd38C1e14b428C0b6F2",20
"0x1c428271739d10753ACc9f2f31FE3d3E79AF1A1A",7
"0x1c7aD1380374C1a560a6bB1D6bc1b2Ed0B73d59C",221
"0x1d4ABeADEe9344A879ecA5A4859A828F618DfC62",12
"0x1d6Df3656D311a02e2CB750aCaFC094beA0488C9",2
"0x1d9F5d979388666FD9f6935851b12dbF983BD6a3",23
"0x1E58C90375C178496Fc90237f25819F2202ae539",4
"0x1e5f008B745ba0e79a6Cbab307e7a48BA574993E",9
"0x1e60e92e4448C25764623f41E28b0c8F23d7b7d5",1
"0x1f371EAee900CF3856b4552d754227cb872C53A2",9
"0x1FaDbd47787d0365A8092de54C5F3CBd10E49fC1",189
"0x1Ff37Cf5e6E1af0f29fa617bE44031D8502B10Dc",93
"0x201938228675d70d30BcaDf60ae99687859Eb311",162
"0x2037028E9dB059bd005fc476c76709a2d13977F9",12
"0x20cDdC798b99abe0E51244844E6Dc5cc7163DE2E",24
"0x22396871FCdB44C82F1Fa9445ff80d49Aa21e742",28
"0x22813759157E840fAfAe95721bBF7CeFd39974c4",2
"0x22c22fD748efd8BF6A00c4F7f7c78C6413e264E9",1
"0x230c79EB66482694098E47FEEc133063f282c40D",19
"0x232EC9324536D92a8e017Fd55Cc3c0A3e754dfc0",12
"0x235Db2013DA85076B4375f59F50bD82e9d4688c7",71
"0x239B0efc7ed4D5FDcBFb5099EbF6a18796Ef2bE8",9
"0x23ec9A33B589ED621a7Bb69e5DE62d4269B14470",5
"0x248f75Fcbccf8372fedf5b01E5B047AE9A1C2428",8
"0x2495175043d7c3faBAe84f8666bBafBE1276dc1A",52
"0x2548FaFF0C8d1a793d18332A1bf3211a78c0491c",12
"0x257e0B86ef7bb0cCC3b71Efb909bCaBe5400d2AB",1
"0x25cA8d4a63D7E5397829A655ccCa7895616Bd3c6",56
"0x260CA22885185b92BBcDaC78dBb526B5Ee6f6E7f",50
"0x262A7b68a35e70cD54f6Ea85e97560310a764B4E",15
"0x265b7C691a84ddc9c5d691bBCeAc2B8Fd5174414",7
"0x266e2377C7B1c18cC2217A92EeD6FCA71C3DB208",1
"0x26AB5B88A9BBe65220b13a2E73287BF01AD70804",5
"0x2828bB44A27251B0b49051bAbe509e61883bdbdf",14
"0x2844E1AE54e69A24450fBc2805e2a33c739e5146",1
"0x2885E49Ac4e31596333379ae11AB4B3d81aAbF83",4
"0x2afD9577E6Bb5E156e3036da2e682B861f1bA55C",19
"0x2B415336c829D23eE54271FC5595Ca87b3E1138a",21
"0x2Bb73cD0B6de7dd4136186f492C42bF959CcBF82",5
"0x2BC89b012e7F3946676F755019A59FBbD5F01251",20
"0x2C1c1c4AE7D7b8f2544ff11ea1600f6140f93218",12
"0x2c6f5e87b41a0ce720871701cF165d1fcb452aF2",12
"0x2d1C16Fa10F2c361BfCc13559fE245889Da1D728",1
"0x2E7e4ff0BFcA1664a3d8EB146a9FfA5f6153b799",1
"0x2EA93391Cd55617E8e4CA1FD66E881d5ACbAA76B",22504
"0x2EE866833cfD9162dBcFC51a9B9B4972Bc8Fd4a7",3
"0x2EF530c5de6a4131afE9d3233Ed5aAB8d8a8e3c1",23
"0x326833Ff77d12Ec3ADD545Ec4354F2f08c1e587F",575
"0x3340D11249a6216E540889390573343c5Ac2a50b",3
"0x339C6f101ABF770b57a35Bf55Cf7cF740F573506",4
"0x33D3053e941F2Fc745a6BC8404c203b1B9a1D7bd",61
"0x34f1B60Af301c4DEa619aD8578908857e67c042f",291
"0x35A0a9793FeD569e851Cc3403bb406D3dC36dD85",108
"0x3654952B1647c84d2fF3Ad68B71D7b463fccDC4d",5
"0x368D6179A403d727699eFbBA469D17bc3765De4A",44
"0x371F83A32E94dCEdcc097661B1b01300f8092C7D",2
"0x37aEe284236775954995905F5b50e8fD47D5A446",2
"0x3833dE88cE944A58593509Ab02e3bF340B847099",7
"0x38C596DA5aA8FE9F91eAF30C431DffcCc09394A6",3
"0x38DEdDE7f9DD026ccC772aFD6E023Bd400D24a9b",2
"0x38EbDe443BC864207E7403dCEd98cCB1FB811283",525
"0x3946C3A619762F3a3FFc14DD159d86Fb88026f7F",690
"0x398ADf18FbEeF5793BE9f614aeFC228Be8a9094f",343
"0x3a2E5202abB6D72fE897c8c1044b9DB6608dd248",16
"0x3B064c1305C30a37BFf70795CCeAF0Da7992BB1D",18
"0x3B164aC078564e33eEBd6af55fdc8378B2905702",24
"0x3b37fDEe7497285E2BAC5A2A1075407b11b8e023",11
"0x3B539c8387DcFBFe011944b6Fd8133CCa17bE3d4",118
"0x3B74A4586e25AB184236D79135Cc765B6826C283",12
"0x3c2D27Bf3752E8056BAabC7932F51077d96ebf97",1
"0x3Cadb4B51579334e69651a3A663bB912F8D7A501",28
"0x3Ce00633BcF85BBDc8c5393520aE9784d0DEe63E",1
"0x3D1e10eeC9256f832a46F3f8AdaC60c7a80828B6",2
"0x3D2971bB13d34292d3e156B17C480A147CB0dB5A",73
"0x3d2f052BE1e3fd20f778A54D9aD40B4F142c25Ba",2
"0x3d3e828507990028A8eB603b6A32B57C36C7Ec47",3482
"0x3D95B3f17B2c45f4424Be3A4479aE14af84B721C",4
"0x3e95E277fD0dEdD745Cc4d198b8c8f51d1A80DaD",102
"0x3E969D43645EfE574F07d53DD9bAe400cE655BA7",648
"0x3eB8B821a7E2D8AF51382cc835024B24514fFa11",7
"0x3EE5e21E74d81CF2F232D64fc2D2591E0D1332A1",2
"0x3EED376a9cEF90D9382E0A8D6F6D962E53568920",103
"0x3efD55014258EB1976b480B9C7A3bC49e67fA964",443
"0x3f19a9c36B813Bf9A5A9405610dFe05863b48856",4
"0x3F8f765b2F66ae5af396b702Ee30C1D9B663fD56",289
"0x3FBb09D532349D56d45a6e5c5B77d185bF2cF16C",6
"0x3Fca967bf836F1445757Bbfe7d1c03BE165ed7BB",95
"0x404110a77d9F3d03B3640aFC6181C3507a229CBf",10
"0x405f3959607F187E8d8EfB22fFE6BcE7703e4223",10
"0x40878b6A574558Fa364109a751b28F1AB521D91A",81
"0x408983424Bf7B5bE6e12bb731a26F16C8Bd63eBa",14
"0x418edF05d862EC3D591cB16F7E2efA88De8F2b00",82
"0x4282F295512BB30702d8442523c7060dcB71C92f",5
"0x43F2A45135038818E101F6dE4a0Cb338e04b5E27",7
"0x43FAA2C30Cdc687Bedd17036312e2a3023cD7208",45
"0x44B68B7341bCf942DC46936cBf0bC9901DC804a0",6
"0x451259Ec57434c8af0F087Dc27E084f48B643D85",156
"0x451307304FB1964728fff55582B66388Addbc2b7",6
"0x45bBf1979A3637dc5924422A4062fe8AE299368B",40
"0x45DA549856896a4F2CEb02d7512C8Dc41a6f0A86",1
"0x4615c2B0Eb3D40949ECC25481aAA8d2364548de1",274
"0x4629b978bF18acd02a6F4b739b12B13b6c463c05",2
"0x465050115C77566C87344B740a40095444bc0205",534
"0x466B9f2A8d9dc5d6404C599C4FFf7b82dccA85fc",36
"0x4702F64E56397bfbCEf4ea3478903fc0d50F8Fa0",11
"0x47bCC472Eef5d55B6315302aec85fD9CE27003Be",10
"0x483E529Aadca523C76472341170376ac80093Bf4",17
"0x48707199060302639Ad0d4bbe9225954326bd007",234
"0x487f2a253D1ef71445B826Bca31f71732E8a9912",2
"0x48AD660Cd7Fb92CF6FdD564E2A571EcD905f1c86",10
"0x48DeECBc276D2b51474229cac0AfD9AEfFA428Cd",2
"0x49995E47A521b22091e19C252E8B5DD4f2024353",60
"0x49C5EFf879779202e81EeFA64869508a0E2C374A",7
"0x4B8737705A281Ea4Ea332f9ABD1311506101eC16",208
"0x4d8b12D7A19C06024d7282078D2B890C2E1F7636",42
"0x4e40c26E1C788777c7BD76418a95649266d65DD4",1
"0x4E948Dd20fd08B4f0C2Db01D6FC4Ed3a4c0628A0",57
"0x4F2ab12A47076e68A2fC7d1b9CC491aCE606A0D2",325
"0x4f469aBB487bBb4fa6B489d9D84E935242A43ece",6
"0x4FBb2Cf6E510647EcD6d499559BfC6da775C8C11",5
"0x4fF82452A8D0F94A3B52f6a891e5b794d7A2FD52",1055
"0x5015318B1Cbe074ED648C3Fec5d6cCDEEDAB0598",37
"0x50909E09e2658548D34D5Bd685A36412B654cc6a",792
"0x5100167eAAb982215C350097b2682C968fDA72C8",4
"0x513C7E9d89c89Ce12d0589cF3Ec7352A73E41f35",13
"0x51D364Ff534CcD1008956E3A005EC5b923fC422f",18802
"0x525fC0638304E06eA1C898085bF6DBA2E053991D",42
"0x526D6E33AFc8D44C7bDC8964dcFde896EcA23361",561
"0x52d4127b7D584fb9f8FCb7194C536fbce41097FF",1370
"0x5307CA82Eb1E6dF288C000eCb4502f7DF4b90544",17
"0x534a3fCDA6c844D1547539186f37FFabf4daC237",308
"0x53bd418d884E66174B9Cbf330f67375c3ca69F82",42
"0x54843Bb3eD915cE29934Cbbaa35db7ef529c722C",15
"0x548ABF027e42021bE4461f30fFfa42dc0fb729b7",8
"0x54ff70bBBA5ba0d8F054d2d2646f1ebf3139bd79",119
"0x565E985472C5031Cb7Ddd13c0Bb51c951Bc271bd",78
"0x56c5Ee94Cd8f3747aB296AA892188aEd5B2B89e3",17
"0x5755664E176659A9dDec75840bEE8C76D71DC69C",34
"0x575890a40fD2BaB928e0123645DB96Bdd5696b57",53
"0x57ddbF74636ACe6cf702C5355854Ae4C69Dbf30C",1
"0x59787d571Bc25946DF911C37796a4ab66cC8c70C",1
"0x59d0586F2053aEcEC934a5e1D445ADd2C4a126cC",14
"0x5A0C30dd34d0a05742c64725D44505607e6Fbee4",30202
"0x5a150aEad3010944De2a5acb2dB55c89C99a5FD0",305
"0x5AEA0a780e420b07D21e57154945a77cEb09Aefd",114
"0x5B59e5e9f23869AF1Fd40087bfA4D1a6DFd6c263",25
"0x5B9E3850bdab3FBFB475Ded21FcFd3aE6bB010c6",2
"0x5be9A0d333a7f48eC8AAe130D370B8902C8ce63c",254
"0x5cb30ca714ebdd9c84cbd54C11BA8E1cE0710d4a",2744
"0x5CcCc607e757E19D0F4d20614046EB4632Fe5faC",19
"0x5D015983AC8024E0FcCf9BBf3Eee5af477CbA844",95
"0x5D8cD1E0C7Efa3D9e9D95610A4556B68D2fDd952",141
"0x5Da7eEF76b51aBa108b076e0E35Ebc6EaeC742f4",14
"0x5E8baeaeDD0A3193b91ceF2f3fd87bd1336EBD80",1
"0x5f5F8603d3d436026Bd2d72DA936c86dfce9eAe0",23
"0x5F92775822b8150225aFbf84bb867D824D893a96",10
"0x604130Ea598F40539F2CBCfaE4B42FFF2637c0A8",8
"0x6195C338A84F620f526009c4796B30379aa76DAF",402
"0x62009c027b47C94dcd569aBa8226Ce024b81d324",29
"0x621674e7Ff63a081ba30bCC74f6c28852AF9F692",23
"0x631c6311E96fdBE214d59d4978277Fc983d2CD84",7
"0x632070B0B5863F220062Cb9BcCBb070e0295120d",384
"0x6327dB256426911421D9431A559F26Be6F8A72B6",163
"0x632C919dA15AEfB2B956e31c398eb32f4e54b027",4728
"0x63b139366BA34a83301aFBc031125A69CeA5e4A6",1
"0x646EE38Ef6151B396aA9b1192Ce941e1429F11A4",302
"0x650BB9e7708E88E4c1261306ecc42C1B65431120",2
"0x655c4f4609CB2CEB552168bCF506A81eDB0C1019",2635
"0x65a39c923102751fc9A4F02cD00b2CfE31BEA734",3
"0x65a7DFdf0123fbAB1373dB8aA09C4e18aded325D",298
"0x65b897F6a7E258858B20A1e104E0f19c42bc692D",147
"0x65cB07B4F9Be26CE276d829b5CAC2620c2ae13B7",1
"0x65e836695BD7f089672f2384432368638B78Ba53",115
"0x66409203bd31bA98a3C693275510F560661C1062",24
"0x66d28b9c5dcE391B8add81D643F8eA76085edB07",738
"0x66D8f8Ffe7a4b0F00cC96Bd7a7C78F4b7D27c6C4",38
"0x67acA3B6D5b5744c8e8abf7661734A7344EE0bcC",2806
"0x6816911a3833a0dE92b0A4682FEAC69787aCCE9E",49
"0x68b9B8F60BA71018B2fd4e26813a3D9Dcd98A8DB",22
"0x693a635C36CA30f88fBAE8dBC3C1eeCE0c011A44",18
"0x697b5D60948a763EDFbCc80821399a1b1A6922Ae",1844
"0x6a8ED3c95C51262AE8cDE52c30Ce5e7a3760e78C",6
"0x6b27b0eC16581a7342321bb003AF488e75980E3C",1
"0x6cC014DFbeEB80FB5949B18E2706aEF45dDf07e9",155
"0x6dd0D831E9Cb470113192d12907bfa19F5F77415",4937
"0x6e9198D32dE3E3004B9858F9Dd4DAfcb2a530BaA",7
"0x6EDd0b4201024ac5BC565E1E3a00fe883DE15F08",14
"0x6ee49E85b9266405CE095229B6F17E5D79C1fF0B",283
"0x6FD7bff0EE5190e8cB0F7bACfF2a9Ce3A7202A0c",1364
"0x7059Aa283a7F5e0B97db01F70f905618CBcd11D4",124
"0x7137819c98132C87562c191034ae3B3e0cA45f95",1
"0x72D6e2628833F151512164681bB9ba4cE63a73aB",2
"0x72f7f76bdCf186C521A7021151F0012Fcab1971E",5
"0x737A2059e67D660371F80E98Bb505fb33435D40B",126
"0x73b4450B2f89c8FD3D49AE401608940a00d93930",2
"0x748133E56CE8bf1D8227C91CC3E24b51C3910A3d",84
"0x75938eb156914F8324A93C2301cd0681d6974A0C",169
"0x75Ca2Ff3bfEF374BDC826602F75BA83C7082f2e3",1
"0x7666649259190Db625c3EC67A35789cf80CC5c0E",6
"0x767A5ad2267b8cB21277A46e84814F70E571e44F",1
"0x770d6DC2B7F40c4821c401fae834b0A0ba12C153",121
"0x78bf453f7c33C17B4d88273A8bF4C6CeE5D48550",2
"0x78c15da9205c94b70153A13e91325F4f28992b5C",1
"0x7A30Dc8055afD08a14DC6BF1c6dc409F446EE7C3",25
"0x7AD78ABB20d97D1619BBb370bfdd3A1Fd5c58abd",207
"0x7b0BDa187b3899A89DE87eEb1eC6F6bDa06A09F9",57
"0x7Bd0D53ECF69a632B5FD56d8398D63a9e7054b38",5
"0x7be9921395796f1B2E8be4437733a7F1F21e33c5",21
"0x7c9524bE6Ee07D0B37b6d974809dBCacb125F0F8",15
"0x7cCa5388c62C561c5E671574E80680827144cE55",97
"0x7E87852b24271D9b1CEAB796AD97d40562e4c7AE",2
"0x7e90bD0b50DDdbf53e05b1B54Ad2aE094dA938aF",1
"0x7Ec5351F3Ee1C3718170f5a782A40ab1322D9152",1
"0x7eC85dFc0CfA0F41C02A3acE3E22043f834ACe6e",2
"0x7F3Af50b9684E2671Ce834413a28D88AB366171d",647
"0x8074af33200928C0CdB5B98D386f477D1901AC9f",17
"0x81A82E426f1Ee1FB6B510FC9461Bfe17e6f75c2a",9
"0x825Cb9998DCD06E5ce66374FDD46643d83172b60",7
"0x8280005Ba8D96CE2d86b72D9dEB2769f8421C89b",157
"0x83efd3ee9278cc7800E93e7F9A14607f5c331B3e",29968
"0x847969D89642B2Dc3b3F299B44D5684f64493008",1615
"0x85D68AF1e48C2778e485411B9e38eb0f95aEb486",437
"0x86A7952c429FD4b72c2AFfa17b79Af0AD0993D32",26
"0x86AE4EC1488C2B92b91df1c8bb8bbE25A40D6302",2020
"0x86B88384f63FeAA37D98b468DC16035D87Cee06A",1
"0x86CebeE6689d69AD7B7e47CF59A9A9Cc5EBdfdEb",139
"0x8771CD17ca66E3645a61F0cA39D2b6e0bDE83931",1
"0x877deB4eA8862F094f30915340314ca6ac3cF444",55
"0x880B4C1c94C0eE0884287D37336bfb63C270A3A8",8
"0x88705e7677DeFD705a0Cc2066Dc6D08CbEA321b9",1
"0x88B1FFe09aF5b476c38D8D3af63aeb5D1B234b90",11
"0x88f66577DA6b8Fd42b21777D9E8789f89f30cA8c",21
"0x896b2797442e7066f2e46959a0B32398999fCC0d",119
"0x89948Ab4766E88802b572F3d111E2A8983C18f85",26
"0x8a1Ab5b960edA8081926b5644b3d867032C7418c",473
"0x8A3c120a1D2BbAc4C5Cc2f16c526cfc10151c21f",330
"0x8A4B2EE33317D2B6789333D6e8d42dE5b18EA73F",21
"0x8acBa679Dc13c4548769156E62c782532BeDDfeb",1
"0x8B85B61C5aB660141D92dF5d276e3fd285ceF826",952
"0x8bb2575E5e61b46Bb10Fc0C22B7B0A37247B9712",9
"0x8Bc78A7956d64B52e2554681750956Bc88e66B37",17
"0x8c4C0500E8ec575c2Dbb03D01CF79f84f18F9714",19
"0x8cd11D507dEfb717a596E381BE860ED1331Eb516",127
"0x8CFc3023a7518Ca987B8621aA5160B82CDbcE0Ba",317
"0x8D5bBcA9d7FCFaEBA46bAcf331731059c47D4296",94
"0x8D5d72817DFcE60A84ffc78caBEea6563dD181D7",10
"0x8dBB604FcCED6890cbAFC1165b00cB0983dfDdA0",65
"0x8ddBE85fE02BcB1A01248b10dc7615c6B5407c61",7
"0x8E1885318aAAFBA3b6c020B1d650365d98F1F84E",11
"0x8ef90C6E52E37480f97A9e98496410ABabBe66a5",68481
"0x8Fa9606c0F689A943aa29683FEec07850b97F03E",4
"0x90132fe50936495E199C7AD2D74E4909167C4Fc3",270
"0x903348418534D088C2914885Efd887856Ce838DC",29
"0x904874d4Bd2E594304DF5792FD3B0cB8ce3BE1ad",19
"0x90507956D75410275b361fbb74b87431e0d18EC0",40
"0x90Dc3A785e48Bc00F21518a43c0624b80255391F",10
"0x90F076ae2F204A0E726909a1D64295D7871783Ba",2
"0x90f0fF08117739B6C7eE268a0e9151E8027bC4fE",220
"0x9166E56AB93DBaDdd65dD1B372d6B13d567526Fe",19
"0x91B3A4d020892D1b2fE3C585dE1fdE750Ce5C7ad",29
"0x91e4d4750B3b7d0Cfa0195973C322D6a321370e6",1
"0x91fDDbD13F8528752870852d0D8d071875c1Ac37",5
"0x927C73fD585C76313430C13cc5EcA2a6946C3A6d",119
"0x934b2cb39DC77dae02fCb5693E8e2F2666f39C23",2
"0x9361766806A80f82cB7612D06E9e821Dfbc1d3fF",100
"0x9503855314684E4AE051609ac0add90073EC5Fe7",10
"0x950a40d9dA2d3F86498FE401958f2aa021Fbc1ae",1
"0x956B3Da5A9396B9a708f83415C3fCFF2bB57a147",78
"0x956b925f5E4363DA7af1e4B2ab20Fdd2cb069bC1",1
"0x95d9e7Ae2687FDE03b0B4af5F6BFf515ae90095F",4
"0x95e0aE2F9581fdC1F4FC7fc111c13D62eeF3b888",213
"0x9623256650333b7e4F380192e621A05B7a250b9A",192
"0x966C5A1Fc2d605bBff7eC4b3a526eF72658E88B2",22
"0x96Ade75b6ed630D523300832B5a1561047c0D464",1
"0x96Dc4F60Ad3919a958e6a50AFeda8aB1f55abfce",293
"0x96eA1f6e078ceF2d1A327d72C01dE2d51a7757D3",2
"0x97335F2602bb4A92855521F63fdf565C39e8C390",1
"0x986EBBd541fCdad38451e471610FEC9f24a26bc8",1
"0x986f9C70F90Aa6a051BF9e6d49f2034B44A2e377",163
"0x990ac25A356A4e2434d7B43794F773E5C34539c1",6
"0x99368bdfe231A5500d62bB7658Bea492EC35C67e",9
"0x99826dD67e69590e816E74f9dd496C5b5D8b460D",15
"0x99C12d799e22ACFbF9b627e074F515d30c6D6F6D",145
"0x9a17B61C745ebBf23216E31A3A572A0530cD30af",14
"0x9B0b37A14Ca6A2caB28740Ea9e2f2c0b122Dcd8C",4
"0x9B73182e0464F98fFc0aCaB5124DAE3299Df939c",28
"0x9BA75b04d394B79Bb22768b2f8B33942dC08F200",108
"0x9bA956ee346A1D03FcbC97DcB4FB2b09dd2e304e",1
"0x9C0776fE43EE99c33cE962A1063f7C36E1Eaed13",84
"0x9c14C82D24D2c0d9c8A81678c27D2DB7342a01ef",37
"0x9c3e80c9Ac9dc1809822baAE4810843b8683ab4A",5
"0x9cCba8efB9dEC44C2C10B9b5e8CD8B47B432FE60",25
"0x9cd271A7b733f64f079a08E9B3453b6E3F2B2e7b",53
"0x9dAF2A66a774bC79c87D4C48a76cea49a0fb7aF9",45
"0x9E8384E85fBA6E2De1F893593530f1c0B4945484",57
"0x9Ee7b101FAA9441D98D06CB25660E99875c22fc5",506
"0x9f7e61f0062F8f0c45e629699C7257D95393E7eE",2336
"0xA107d3Cf14616aA69D716bfA6C0ADBbA8e0ED411",29
"0xa164C41BcDa5296217798f0d1812B19c5eA0c25A",8
"0xA2A9f6C296d46D421fe91a6379211BFFc84ea18D",30
"0xA391695C5BD5fdaB1A7E38382cE0db8EC2cB354C",25
"0xA5382dbB9C5c43BCe7384fC62A0038C25B9961Ef",2
"0xa5fD3CF11fb3d5Be81A02924556EC69da2e4AF5e",155
"0xA64FDa91830002c793033cB998bC7aFE2CDF85c0",6781
"0xA6556110e3c7C97863A7F7a5ae4D5C1eB655cd82",4156
"0xa6f09aB3F2e0f2fb62B4489BF18871a1c82232Ba",35
"0xA779aF628c2eB283916bb8BcA384821a483Ad5e0",451
"0xA7a27889fE793DeB4BAC28E198ff4c24206f6a05",3
"0xA7E27DDaDA018387D9c29001683F99d776e86098",115
"0xA81f1cc08D76DE693012374E42712a2e9A84A27d",22
"0xa8CC5a9034d895c8545695c7D74F04bA53e82D44",1
"0xA8e3b53287a52989C5613255c967Da1B6639C361",137
"0xA9D47958d143697Ae64a2599DC1E6547b4FB8B21",529
"0xAa9D85D85532E0117CcbCc7B0179103f2E4cf057",5
"0xaAD8a258682BE8281b33aA574208326aD6E30a12",91
"0xAC3a6765FBe9a8837248215877B903d015b432B8",154
"0xAc8b54F7CF6C655B13bfD487a6255353f0631faE",37
"0xAc8F1c9b712a82737E82753eD6F8D5c1e0A4F2F0",5169
"0xacB1dc191208EDb1C9cE4886D96778B1e8b36f6a",4
"0xaCb778988A58d6ADb64e7F33133C745008672Bb7",11
"0xACe83572FC37D1E41d486DF9C2c4C5ef14b19CaF",82
"0xAd7F32458c313043f67c12198Ad014dF4319b196",15
"0xaEB6772012715580C10b4fcbFdb116c53A6641E8",127
"0xaf66dB6E1cB37f830759132566e41A8ee3d46769",11
"0xaff33AD28eD5BAE3AfdA55bF205e8d1CdBfE3AFe",3
"0xB038657C35150282439E25ce0840243488B2E3a0",42
"0xb04223E2b6A43E6D1CBFdB998E3D788B6d5427A4",2
"0xB0a45E244c9AA2B78509Ca81cd34D71ec8897ef1",79
"0xB0d6af0925e6024fdED73a54176714E44a5f42F7",2
"0xb0f7993B4cE2cF0b432a57960dE4B069EBBc77Ac",5
"0xB1e1EEC60a73E4A5e20E5Fe3C2d9bE23985284A8",6
"0xb2E3440fE24a6FeD8b40AB1F99Cf83fF25baAfD6",36
"0xb3EA5609D62AAa11fc08e876257f65A51bCd369b",23
"0xB4ebf2889D771b251f70f241895b909B76e4B861",4
"0xB5ff4CBF57A7e07947ddFd019599304E1582eD8C",122
"0xB79d9D13F1b79568b80b1E04f99b3F455c93041f",3
"0xb8BEB983FCd14929668235e0CB252e1FB4216507",5
"0xB8C2bC455112600F6db693faDE61E4459001408E",15
"0xb94cddc21c05B80796eE5Ff76DB36645a50a8e6c",169
"0xb955e3E549a9ea2b9b7687ecBB43b0A27C459404",33
"0xb960Fe0Cfa86882A02285b24e75bb453B7064D74",6
"0xb97e5cAa7B7EA6e06C5852de5c04C5b5b127Bae9",1
"0xb98799071A9Db4b035C62DE411Cd5B4c4dFbD9f3",115
"0xBa06bC5A4811A7f22c2351bEC10462D353370e63",7
"0xBa8bC977F853ba03cEC679D557Abe7Ee3C041c7B",104
"0xbA8dd1868777eCdD5DC254aC4Ce42Cb62AeF6841",10
"0xbAa3331f03EFD0C117751A213b04a2e760Fa0B98",1
"0xbaF0CE3ED7888AB21e028Ca421664f7B6c8a3eb2",204
"0xbb4615d7223cBc087ceD0D32Bc2f1862CB91B6ad",10
"0xbb66C87b125a8D8AaaD2b280525208CfD458541e",2404
"0xBB7EbA58FfBfc574aFea86aA730755F4aF18BE46",434
"0xbB8f55F7d8e17CD0178BEfb59ADF9162379f8Ed1",38
"0xbBC588038cD0AEbca9dF1e256564A88A981bE058",33
"0xBbd2Cb72218f34894B81EB8B3582F7F20fE907bD",4
"0xbC2e06C6ed85Ef62aE3fd5f468717a70aacbe3F3",4
"0xBCcDb7B30c64A77F47300999a47A69312A23a733",1
"0xBE65e2cf032664B3f3FC98F4cd7c1c33bde13FE5",3
"0xBF17C9E43aeeb2FaAc6aa66681FaE1306350A1C3",295
"0xBF90C9D1Fc99A147040cf45C7825c19bA4Ffd58F",37
"0xBF912fc48E9CF0ea9eF7D0eE6d78d4E073cb3e45",43
"0xc060e748E03bd0154db992CFFc4cc156170514d9",573
"0xC0a19D8c43DFC9029cfCD6b840a89Db3a3dACA49",36
"0xc0b444AC93D5b76b7b184b455f56C2e2Eb15B776",645
"0xc0F2c2dff188dE826249F1399A24986D57f80991",4
"0xc12d6491df5460dE274cdb52800AdD023B8F2EBF",103
"0xc20cDf5ccb2ceDC23DC462499EA64826674548d1",2
"0xc281F2299CB58E5050008DbbBc5FBE6c936E944F",24
"0xC2b3EC48f0F6109908c21cf80dE50291e2dc0367",2
"0xC2f6B43C0CA0B6031c38d63C46D38aA65E36Bbb8",22
"0xC3eF7494B40f6C72D5dd9985de1DDf24842b1c73",10
"0xC47145A82F21C5Bb731e0Dd419a668a5014A7037",8
"0xC4866d733B897b233E583D801C76D763f399449d",33
"0xC59F7Ceb1D5B92214685960DbEee61339af3F2a5",504
"0xc60188ebfCbfC4F0771aD9c2Ebc02ED5C58F1aed",239
"0xC60D4b53fab3433eB4d4515de766CE31AA061554",52
"0xc62BFa7C1E3b5977389C35dEc20e2153Fdbfa3CF",17
"0xC715E6DD721D2C37ff51d12e88473ef982993f18",363
"0xC731d92Ad35D8B005B4261eb24556E6aCABDfEf6",28
"0xC8385829ebb0c989545250aA6113C4FA6a13a84D",2
"0xC99804cFDD80577C382E245FBB72d66C5452d11E",807
"0xca4C5564Ab99a0395C9CB7F2Ab70bE438e7ADf4a",3
"0xca5838A8F20C4d6C75f826ceB61587D8F4f1Da70",24
"0xCc75D37C629145b2bff0272ECF9AbFc9b76b89b9",2
"0xcC85f7678DDAfF03FE98e7FbED26F4F6D48ed76f",11
"0xcC8FB4fC24Bfdc7cC71d9a7F78c23c83B7eC8De5",20
"0xCCD31f81C413956C5E7EEDDBeA0dfed046959C7f",60
"0xcD4ddB919BD333Aa1D0c45D099CB46d292F236d2",5
"0xCD8Ec4df96E23f20c29259F3f0f367bBf0a88f37",65
"0xcf160a90a33A8970f07648c729d12c981F3e7Eae",99
"0xCf67f2BA9D4bA1D0176Bf30beBA7b0d3E6100136",11
"0xd01Ac5DbEE6b705a0be899Aa175d1eD850d2aeb1",2
"0xd14EcB0b5577F12DF8d95440C137e8B0D5B98Df0",6
"0xD16Cd0EE5a118a610c160307882756508E551368",29
"0xD19a8036c74a85980a993c7979010f4035375D37",85
"0xd1AB186837FA7F2acE4A8792eB46c00F5BB03064",4
"0xD1d136eaff942b50203F4AAC863C8969e1C5Aba6",11
"0xd1d758BEF9021E1548daBb3d0F7e6256cEc59A24",1
"0xD262C822B0A66525255047AbD77eb6B9fEfC7831",249
"0xd3dA519d83EEB490A913Aae180ed8feDdDD175FF",236
"0xd3eA09Fe79AE41DA92f7048eBaA69932D706ed34",5
"0xD44D803a3fCC3Fd4f7F77214d70e9Fc11FBe04D8",31
"0xd49CC5af9EDe452f5D653a6c9b4CADD2FEbF568B",1113
"0xD62FA89C815c55bCC1cB74Ebe1Bd650e046881d2",6
"0xD6c5FF67B9BA24d12e389cC981C0B4bc9525B829",16
"0xd73C36a7C4c9c57be37C2A7a5Cc7f4B969cF35AD",16
"0xD7C289C1B9c6af70aB1C87Ae11F7d15b95e1962B",545
"0xd7Cdb99895C524f07343074F8ad86215286eCa50",1
"0xd8A8ff0b0c5cc287b2866D134C723FBD3434731d",2
"0xD8B7097a6BdAf143BAd8546C617C8CF3Edc2CAf8",8
"0xd9092896653042eC60941a6fE1B2c85B7DC5000b",367
"0xD95DAf5086029d1Ee7f5352D9740652D523cd854",59294
"0xDb0553777eCB4d462F28c6E129fEdf580e501773",6
"0xdB4Aac1e8917138133f2A041F428a1C343f16bb8",2817
"0xDBaE91c224044885D3b36982A180140d82007b0f",2
"0xdcFB80836c52C5123a2557251AdEA705A340d238",6
"0xDD8897F0729D1D0E7eCF36Df004562CC4F243E11",90
"0xdd94f9a79b64F91FeA91736d3d6A63e52918c0e4",1371
"0xddA0fC594f03fE7613BF1B6b6f7594A18D123014",4
"0xdDAA9256a5a4eFF0994205158955be829f0C8e41",50
"0xDDD0B2E214bF3706198C75567D2B3304fC8805E7",218
"0xdDE9dED3DD5881f1A7a26C4BF99377f19a32844d",4
"0xdE8858F475B3c25ea5Dc69F44679B4CC4BCD4Deb",2115
"0xDed53F5009E6b76FCeF71629DB4A43390787eDDb",50
"0xE0191A117939319e3764e60FF93f39C6bb24226C",326
"0xE05424F629Cd239e0440675447C739cE451cA998",73
"0xe07562E161Eed7FA0c11185612AC62D583E46F53",219
"0xE09FB428F6Cbc0E008264A40a69e463109cd73AB",746
"0xE16026B6A6b08D3275A39081aC86a19F95BCada7",22
"0xe1BBEA0a35D98304256533a5a9500c46c8a564bf",3
"0xE253F7a6533C62755F470B33fa5BCD659a5DB3Cd",215
"0xe2AeB4131c785b4412faB5DfD8d83cC0a26709F5",1
"0xE4227C7eb8Cf828D59BAf1Ad641d4f209F8ef8B5",15
"0xE43BC5739437e4758449Ab9e3a387EfaDd22e9a8",6
"0xe4A6F3A21bD7B719665430DC1f8B8c1137e5fFa6",4
"0xe518cD67ed2Cf5d4Cd678f862Ac3Bd7EFd7c971b",2
"0xe532C7aEa83d4d46aBbfbB90D995920896089ed4",794
"0xe59412390a987169E539bF4381e76771e5F2B0AB",2
"0xE5e0508e3968351Fe0EBadF3AbF942B65eBBdcF2",49
"0xe5f6477E24438842B7de0B00D87a18B58dAeD346",4
"0xE62979480d2d3f269C03B3504cd990EE227cf8ca",10
"0xe677bF9ba4587f16fE11445706B0d39eC769ac7d",32
"0xe6A9ABDbe8Db60B81e20713D314deaC1bdeb2eac",1
"0xe7643bcC1EfEeC746ceb53d86A7e16EbEEca7e99",6
"0xe7E589256F13e98E26C8dE7Ad14b9B70bd4c547E",52
"0xE7E93637635db9380482e8Cb09bB1EadDC17F736",1418
"0xE80801b8e0cCeb9335897011392D227c065FF942",89
"0xe853733FB1A578d81562a94a724d4bf53FfFb90A",29
"0xE8E5d067A04e4fF284D94E339C6bAb524621200C",278
"0xE959CA7487da433c2A90e576fC7Cd18Fd15616A3",1
"0xE9A690E38FC166859bFDB14551A0Ee0A921DF352",103
"0xE9FA56B0dFB748FBCDE04e5a087569b1861BA5C9",1
"0xEB93f50a8986f4e9B8eB0CC798C6F57A18FFFfd4",263
"0xeBEed04bD121cB986188c0f47fcC0BF1B540E9C2",1668
"0xEcAa8a26d9968ceBdb7115b25E478B5B3ae57969",528
"0xEcEe6b54954c6B1125B50C14ab1A9bBA661EfdCB",2
"0xEd4a03D6C30986E74FB8da5ABBdF2C897945d2a8",4
"0xed5BD31f9D42D1Ca6DDdB97C1e52922836A652a1",445
"0xeEaB04AeA77e669E91EfEF5Bd76a71905Eae737f",2
"0xef39555181Dd72e935244D2091639b7af4216F42",13
"0xF016dD5BD6eBa35db1C4aBDf5022FF74fFAA6456",7
"0xF022198b654c42a15C0fCAA7AaF625cE6c731a1C",586
"0xF05C5d7ecDE730efA07E62F200FF6A04C27db16D",308
"0xF1450C549d1cE9B8682D0827574F095c1F4681D8",464
"0xf1BAe198593c5a7Bc5596678f66a7F819f9A97b4",5
"0xf60c22205B4BE62032181627cF26a88305F8643E",184
"0xF619dDc1Da3E116800586aEcEA8d6C68A0C89D0F",307
"0xf641396e81f6407FD3746ebeE704F3A1de08e86e",2
"0xF6688b3Fb9d3a1b7f54235F8d7d4b791734B8523",8
"0xF69b5EcE8CAF05395e599c0283996f98F77662B0",190
"0xF70241eBDcc9E31BE61080916dD807210fc79d4b",15
"0xf74eF4C4bAEF7a9FDaf11988Ec9C8Ebe0B702d02",10
"0xf7F09486805DA3866F0Df96Feb5781c6F33D07C2",42
"0xF81f40a14bBfbf3BcD6a7519f0C0bFF2D40C9ea8",3564
"0xf94B9998B794CCfFE42EA799a1307eC774A2828E",3
"0xf98B62B37A9611de382732Dbf42190bc75b7d407",54
"0xFA2eEE9aA6C4290D85D2732B0DD2dCD5448456A9",295
"0xFB5a892D88acD3C91130932C557a3f70b97e9569",307
"0xFb82ce4Ab41DbC6Aa8f4cc8F9D4fFc4D0AffACc5",46
"0xfbfd4F6993BC0D3481B9bf61AD0892f817a2e7aC",8418
"0xFDB2c7c13eE91e30B3B18fda09aF2d6cB2B345ED",420
