"0x0000000000000000000000000000000000000000",83096
"0x0000000000000000000000000000000000000001",2058234
"0x6C671d2C641CE1b99F17755fd45441fa4326C3B1",891
"0x9d69394BD71906a235f9113cC04321F573958d3E",12
"0x195816908ADa9010953a51a3d45EAD767C0190D5",70
"0x244ddd3E28809D176bDCd00Edc58d18D839DF65A",3689
"0x19AD5b3090C9A3c08c41f3EE04E1Cc8254E46eE4",402
"0x0164eC96442196a02931f57E7E20fA59cff43845",2
"0x2408e37489C231F883126c87E8aaDbaD782a040a",3
"0xEcAa8a26d9968ceBdb7115b25E478B5B3ae57969",2548
"0x418cB0346FF256EF483AEbD1f4d18D1Eda3369Cf",1074
"0xbb66C87b125a8D8AaaD2b280525208CfD458541e",83
"0x765c3908377CC90A0a5a2D8E8956cb2653624883",23
"0xB4ebf2889D771b251f70f241895b909B76e4B861",29
"0x92c2B3C87D9baDcf961DE1F00f6297801848A849",28
"0x5307CA82Eb1E6dF288C000eCb4502f7DF4b90544",131
"0x2C26e3c1C025Fc3AEcb9a7A1fc1C99d378C2E944",4
"0x005A6F581d415925aAACd153d68dd3F876ddf04D",1
"0x28f7052caaC00a4491D2422d5449ac897110165c",28
"0x1f371EAee900CF3856b4552d754227cb872C53A2",11
"0xEA8F92f4c61b80ddcE90c14A45344C712e56128f",1739
"0x3EF4B275a91CD40982a3E159034f6D5e67cEE36B",16
"0x61E2629580247547175937b644D678F9F5903403",1
"0x10182508ccD485572f38882a73C1d472b63C43e6",3472
"0x2C92072c48919853DE95e33A25aCfb865F049aa2",8
"0x63bED619F1Ae9b2a1387694268f608d06B57F512",2
"0x9850A18860865e518C8a9266a7A97Fa6A1dd64e4",3302
"0x10a5D75d0f527c58305E2079c704513DE475FEc5",1106
"0x3CdbD5E02ebD2bD2D16D794E603Aeb24961D62d4",3362
"0x93E8EeB118797573B1E9832c229cFab6B1634e7F",3378
"0x6dd0D831E9Cb470113192d12907bfa19F5F77415",36048
"0x1Aa79a7b5BB4E49ea2046Dd430473B5928A21EfA",3301
"0x9b475239A6629FD5Cd9123a41f65a016a0BAc0FB",28
"0x5Bc06b8026671ea8f41b2BD07B5105bD785D37E5",2
"0x1b60B38739e6Bc7855d911440017b96AE99d2cE5",13
"0x444f484d9589eF50d72eda3D3c14B5D83BCC320D",65
"0xb8EEe41ab7c6aFD8F6fE93ED9Cd9483580914324",33
"0x13dece54F846D5B3347D3bc1AF6B10c8D361C8F4",24
"0xC66D622683bBc3aA847E74A7Bdb4afEDD558318A",23
"0x7777D1E30c10D45fFb48e7b6273681D3555fD12e",15
"0x7E87852b24271D9b1CEAB796AD97d40562e4c7AE",23
"0xd95E00c4804B48Ddd3582721e139E76700b10Aba",1
"0x188563D2EA4d89715f7df2E1F613067fb548c423",2
"0x575F45CAA093a6Cee1aFD2E034732CBA5aFF1925",26
"0x448A7C8AF31cd5CDAb894db35804831e89C5A557",2
"0xF1C42EeEAB94f81a1C6d40deC664b1a3f6Ab6461",2
"0x9E8384E85fBA6E2De1F893593530f1c0B4945484",2755
"0x1aA1c0f3e416046A7619E0A4b30De74af45EcA9c",1
"0xa1A66F91d65d368572761e9aA448FF3d0D4463C8",1
"0xfB924883f1A1D77537eA1fbFF126DA27bDfadeFf",334
"0x59D50802cdD8F3b8f2E631aC3930c348A475cD32",2
"0xF85A8e91A7205aa82B665172B0b716a8c10a6a22",995
"0xC5555D7C68961747F4481Fe622EB480Bf8be7b4f",73
"0x7664F3322f5e71BB97510cc5e456DfBEDc69527E",2323
"0xb8BEB983FCd14929668235e0CB252e1FB4216507",1
"0x91B3A4d020892D1b2fE3C585dE1fdE750Ce5C7ad",3091
"0xDb2273562394962A6B61443c06228A3C6262DD89",37
"0xdB6290a1C1b3D4271f346b6f9c339D0BD31dA54F",1
"0x8760466be42538fcAC04b9Ea252F8DD5F8f76e17",2776
"0x3D1e10eeC9256f832a46F3f8AdaC60c7a80828B6",936
"0x3Fc9CaEC049746d6C5fe4E1c0ad034712dbA4898",5
"0xc281F2299CB58E5050008DbbBc5FBE6c936E944F",2
"0xE62979480d2d3f269C03B3504cd990EE227cf8ca",3
"0x888888338c0057A50bc17E44d9ADA6ee64b8e7f0",6
"0x0D548b394f2d7be11f511606339A1E80a70A35a1",105
"0xBF552Af2BFE597c6391173ab28Ff99d9fBaC7E86",152
"0xe7cc27C13C600A76CCAa8104741AbAFAf5D7468E",152
"0xF30dfC26D42337fE1D98BB380799381cb0957E4e",3875
"0x025365235b65f0e99BdA6d80f7ed941295BfF146",66
"0x0a4Af74f4406BA545bc0EEEf649D9c7bBF702f42",1
"0x825Cb9998DCD06E5ce66374FDD46643d83172b60",10
"0x1595c42cD2aE3e7b5957054b960359d84DA16496",1
"0x02C101CF10D9fD0a4203D2eDEFD49D8D4c15D58A",2
"0x8E1885318aAAFBA3b6c020B1d650365d98F1F84E",1
"0x3e95E277fD0dEdD745Cc4d198b8c8f51d1A80DaD",1
"0x466B9f2A8d9dc5d6404C599C4FFf7b82dccA85fc",1
"0xe7E589256F13e98E26C8dE7Ad14b9B70bd4c547E",3
"0x099928ADDD1F17B1e419e734E18f40d12ED0dA4C",1
"0x61c12Be40271c828685Bb6993cA60c42373146dF",23
"0x38571222FB272657485F57f9F950402FA0a43064",1
"0xBF069387b3962A4A173D1d0FF83B677078547407",4
"0x8e5C1397cD01bCe03590514F5d7e055eAE4fbFfc",52
"0xe7643bcC1EfEeC746ceb53d86A7e16EbEEca7e99",5
"0x8Fa9606c0F689A943aa29683FEec07850b97F03E",2
"0xAa9D85D85532E0117CcbCc7B0179103f2E4cf057",3
"0x621674e7Ff63a081ba30bCC74f6c28852AF9F692",4
"0xa0b1ab52cf7CeCc47D59054bd64dAaC738b9890b",1
"0x44B68B7341bCf942DC46936cBf0bC9901DC804a0",11
"0xa164C41BcDa5296217798f0d1812B19c5eA0c25A",8
"0x87Dda7F7c1E092d292392FA9b00b576d2Db9AA79",3
"0x430BA2F28540107160d57D93B46327a2b4c5c7Ed",46
"0x650219E47BAF0b9c3CAB867f36Bce29F0A89e8B8",55
"0x445Ce0fF4A42B9bfde8d7bCddb2B4b85C579488E",138820
"0xB0dDfA1897c1383dC701317CC4Fa87f8Df413760",136712
"0x3D95B3f17B2c45f4424Be3A4479aE14af84B721C",2
"0xf1BAe198593c5a7Bc5596678f66a7F819f9A97b4",14
"0x36E932f44B5eF9E1556FDDB315Ba3884Cf7229F7",52
"0x82200B7B1478B53B4a185f3b4f00063949a1F803",2
"0x795457eE9E7885AAE54D2a37FDbFC41796cb68fD",2
"0xEfE0db0Cc524b184904B967bd034973E657504E9",1
"0x1Cf84C5CBBEe2dA558A3a0A03d4a8429e2861c56",5
"0xc56848CF295420b9c3426B1b1e45706636F3554B",3
"0x4f693F2DA55723aFE25d147498b46A8c217cBc29",6
"0x139fC070ABb8d954cb7d02836786DD7dF9463A66",1
"0x40dCbFB01257ba7ad33BC79Fc4BAFc54892C47FB",2
"0xE14c1953da2EF58210cEf68b86C3Db75AFaED110",2
"0x550b6097D0457759Fec77dab8Fd8f31A0Daf3BA6",2
"0x86CebeE6689d69AD7B7e47CF59A9A9Cc5EBdfdEb",411
"0xfF8aD1B76a280bAf739B21605202735D2246499B",3
"0x7253beA2D6ea9b042AD30170d8A5e1745cF9f031",3
"0x99Ca3f98cA2dCcc6996d098e58Cbbc61eafC3B5e",2
"0xA6E0b3Dd8A01c8bDBC50c3584BE306b8E7AE519b",2
"0xDe0B44BD463Be069c475F5BC2497120498562d44",1
"0x32c05f2028f319aD869c280608CeB0593ac219bD",2
"0x216BA1f861699Acc01C9F5059fe1669318c569d4",1
"0x54b81F6Eee52a1d867b43666416e7d26934f6D3f",3
"0xadC419F21f83cB8b8555390fA6aA6585887bB69E",48
"0x1919a72E2e656306871f32f40FE3805469dFc82a",40
"0x70211Ba848De8B86dde63aA5b5AD5a3f6D2498Fc",59
"0xF0a79283Ca554f06b618c07F241EB9EA2A070706",71
"0x2712E0051420b0Fe914C9746651E438c6620A8F6",11
"0x3D2971bB13d34292d3e156B17C480A147CB0dB5A",3562
"0x3819062A97E78a118b44a522CBf68c5cEE69256B",2
"0x217822a5d5Bc44Cbdb00D00fA55dFD4C96172A12",2
"0x05Cbfb7c3Ca1ee0E463B6FD1F4E413D4a0Bee265",2
"0x23CbeE3Cc98D1a0465974AE9FbDDB047B24A6938",3
"0x4eCdf59C5bf07277b97A96bce592d4Ec137C2D48",4
"0xF1c1fbD082a4E1322F80E71E16423696Fb2b92C7",4
"0x04CD9cC35601bb748cBC98B549545F44068cDDeB",1302
"0xF1450C549d1cE9B8682D0827574F095c1F4681D8",4189
"0xed5BD31f9D42D1Ca6DDdB97C1e52922836A652a1",566
"0x199C9641969468BdC5A5968D2c98906056100681",352
"0xcC8FB4fC24Bfdc7cC71d9a7F78c23c83B7eC8De5",3259
"0x4F2ab12A47076e68A2fC7d1b9CC491aCE606A0D2",1176
"0x62009c027b47C94dcd569aBa8226Ce024b81d324",1506
"0x3efD55014258EB1976b480B9C7A3bC49e67fA964",5042
"0xdB0AD376D7A14Ed7c442A6abAf7DCBfAD4315eD5",122
"0xFF690E228dfEf7547D0eF3Eef19E35b0358C68c1",23377
"0xE959CA7487da433c2A90e576fC7Cd18Fd15616A3",130
"0x526D6E33AFc8D44C7bDC8964dcFde896EcA23361",7770
"0x95d9e7Ae2687FDE03b0B4af5F6BFf515ae90095F",89
"0xa2d4A875EFC247BD2458775B7bC987B64075A0b3",651
"0x7a51352A39c48765bBDd82b8501b13c0A357AAb5",1710
"0xa49224407BfBcFcEd35D70657f44041b8e162EF9",60
"0xb04223E2b6A43E6D1CBFdB998E3D788B6d5427A4",129
"0x7A550845C6369257687F3F8af9314B095d3996EC",2384
"0xDf2718fa9fb91941823f06F860c3e16020904322",85
"0x4702F64E56397bfbCEf4ea3478903fc0d50F8Fa0",907
"0xbb763ED99A3f24116EaEfE7CDeB81f37ca621fc0",2549
"0x875924aDC5dAa63e348BF15eAdaC7323C193e752",240
"0x04eB0C606A70b076e0c10B4415EbD7fF6290ef8A",219
"0x63b139366BA34a83301aFBc031125A69CeA5e4A6",947
"0x037E17ab423cb0D3E63950ae8b181e8433604e9C",590
"0x1B47539AD5AE28D095C9521f8ff8A66A17f184ab",152
"0x201938228675d70d30BcaDf60ae99687859Eb311",9570
"0x3e6734caB7f3A407E8c2350CF495f62bdcd6aFF7",18907
"0xAc8F1c9b712a82737E82753eD6F8D5c1e0A4F2F0",3615
"0x7b31bE6e55e299AF3CAA2ea4fe731cD56a56d536",194
"0x59346724Ed5692a17fbF42C883026eB49E33Eb64",135
"0xDabD70119fCb2a578263fCbe8B8a757d0b8cB88F",1317
"0x06CAd4745FE0641395E14DCc0f645715D806d49F",172
"0xaD922c4fc4D2BBF93C8DE28B1bC795d14619129F",286
"0x31bb5b84d1fadd9a79848941bBFF49CbDaD4491C",98
"0xd686433F577AD050c3924BB48198F7e5007B1bB7",910
"0x3353d177ADAA9224eEF65AE17a5Ae103401e1cef",17252
"0x06dcFA617D8023648E2c79FFe16e51d549F40D8C",2486
"0x61AbA2deb7d07F5ed0591775F0a183814a403f38",124
"0x75768c8aB5FD92a6cabca9eee094929E43B21e02",15
"0x24Ea0a7A5b10d8724c579Cd05DF75dA8b49e1587",143
"0xf21F902f51AE5274Cf27283282A624DE9fcA48a3",2099
"0x7922465Cdf47170b3B4e4C1a98dF6A254288c2b4",56
"0xCe34094c8A2e0E0E43562d4923f6F5075da7221D",222
"0x59E840D68a0b736Aa56b38757D0551600a5fB094",20423
"0x7eC85dFc0CfA0F41C02A3acE3E22043f834ACe6e",1265
"0xc200313cf0Ffa9BbdC29E4B6f9B43Ec04c8aD9f5",443
"0x33E84Caa7570A644E2cAC32c9C33AF64F7729611",83
"0xdF8b760c06132c3668a2449273Ba61AaCe43eEAA",1566
"0x75A8c09bc67687F2a4489CA1FE62462413531243",67
"0x6E6eC3E3C28285BB38880f10F634870cF265FFaF",8070
"0xDce4FAd1aBB41a71362FA7B053273b477d322EaC",21
"0x7C7C061ba51652db3C3392c40C033a7039993dFA",8468
"0xD9304fAFA1B94c315BaaF26e085847Eb9A810f56",168
"0x7Ec5351F3Ee1C3718170f5a782A40ab1322D9152",779
"0x146903cC5aB9ef296E93A2DB54761472aec0ECE3",85
"0xA5382dbB9C5c43BCe7384fC62A0038C25B9961Ef",5269
"0x5f69302fdbc95998Dbc471B414D1f30a5101FbFA",345
"0xCb609b14c532E5EaBF1B62Bf953ae9aF26ba33d8",6927
"0x3340D11249a6216E540889390573343c5Ac2a50b",124
"0xA669DFB20854B299ca64e345467b60643301C279",58
"0xf38668D147A3298d64B377813f0fdE0FbF09B46D",182
"0xa7A3D97ce9FB6fcD6056bE66E5C180A17E04611A",7253
"0x9794cb4414Edf677DF71d1d323f6821cB0fd64AC",83
"0xddf3d753DaA513e1D4e21A6c2958Ea604A13aCD4",1113
"0xd23939A2995E56723c542A5b3d3051A0A80d4DBe",85
"0xAaB9C0Cb514067013980DE5E0d56C67b1cb1C3d9",975
"0x1b2731c1F5CF67A14A0898aE7769A4a264c97e4a",148
"0xfdA7772878be12bAcC9B482C52De4c8Def26E898",1874
"0x0E79F4dB7bd96fDF5bE1F1F7213bA081a0Cd4129",38
"0x6204fA93d2E7C809c1913288Ab9478b13fd76624",39
"0x4c5546800A6366A410683f5854B0D2EB21636d37",334
"0x9E0C08B959C192F882F42B5E61A527Cd22565557",87
"0xe2E34F0F70b716547e7B7FA1F58a59ad132cE5a7",48
"0x4eB8A96a95766382bAb534836aB84bD963F0a884",111
"0xefb4f44D9819088288a5473A9bc1d44b44d42186",40
"0x3D0A9f63aFc8F0ADd0675728280058A9c0d2c89C",12312
"0xea1c12B5D3b1Bcba93b6a67E9ee86F6d5a53FE55",160
"0x782F9241169365546870dBEfed132ED45cbFACdf",6407
"0x3a9a4BBBbAb3fBbc3cf1A0725e4F5b0d0D30a7DE",858
"0x89EaDC7EB86f9A0882C9B5c9a7d65F37c4dd3875",1197
"0x33EAd28381D360e824AB1f4432e8fBbef9E9fd37",2715
"0x86c46C21693f0Fed36613235b190DAB59e2b010A",70
"0xf67cC75aAb85D54367Fd406FfD09EFFBCe8Ace6e",39
"0xc5173a6d6178508bCFe4F098926E21D8648c626B",932
"0x2a371DB4748A41AA21Fa1bDBFEe505d22291B146",21
"0xA26264F38F2bBfBba9325C8ED76C382fbB3C9DbF",1651
"0xb98799071A9Db4b035C62DE411Cd5B4c4dFbD9f3",517
"0x07a115F8C79D4b7D73C9779CE78C124B991d97d7",67
"0x3d2f052BE1e3fd20f778A54D9aD40B4F142c25Ba",48
"0xF01EA9f73CDc333A5A858b51002c20EeBdf983e8",392
"0xd997Ef7B0f9933DFb68526C0bE7078312184fF44",2528
"0xe2AeB4131c785b4412faB5DfD8d83cC0a26709F5",2
"0xF1F465C2Cae39Acb631142401144Aa34217fEB25",864
"0x17EF989DEbB85D2EC2d3C304192cb0639EB7C9C9",416
"0xf4A5Ef87F6699dd43CDe2362b03ff3Fb892ACd2a",15473
"0xaD1DeA5b919E13Da54482ef0eb29ba9bd8DBc4FA",52
"0x5240a52EeFd82C85005354442E4793f85e09f80b",25288
"0x00DD2699c694574E72EED40A13fCf6340fae1b57",106
"0x1c0eC596303Ce6666f5a4D24c29e78Cf881cb5d3",16103
"0xb40b458858e2B6254Ab517bf5794573484B1f3f2",3493
"0x73323C1b133413F5D18ad881C43D94B9AE098ca5",4779
"0x841ecf9de5d5FDaaC6cC331F874Da19775aA8DB6",10
"0xd32B69A0E3bcB9a8B52BE63f22d2469a507b8f80",55
"0x19Ac3dcC849473DeDEDDEe4351a3F1dDCD4272A8",19
"0x97682Fa7af37a828D0f33BbF9337C1f6ee51CC1c",13
"0x113969949C0D440A36039C4B5Da14C6039F6C37D",31
"0x6162cF7C5FA8A03B2a34728e84B1d01435e09354",118
"0x21C21dB0D4841bF6C370251E86652548e35F4aC7",1013
"0x4589278f6a0a717D85C7F1D5770782c76a0f9343",84
"0xcd1Eba566BBb38BFBE34D96e02bEB1C09B6CF381",183
"0xC372919472E981d6e8b49F7149CFa142261bF334",5781
"0xC953A08A8B771f9DF452b5eb73e92Eb7c5FeEA39",16
"0xcf160a90a33A8970f07648c729d12c981F3e7Eae",230
"0x566EC2C87207dD72981C792f666df0AC9B6e4B2C",233
"0xC68Dbbfc0615197822eBd1131296d01FA6e7F8b7",50
"0x7F3Af50b9684E2671Ce834413a28D88AB366171d",70
"0xB6442033C4f3D6e2754C0E357905faFB1D710e3d",86
"0x537d78897FE557e468222284A98B24dA35FB8D8c",2295
"0x812626c3B842447d4328C9c105DA6f4cC62d07ed",55
"0x4fF82452A8D0F94A3B52f6a891e5b794d7A2FD52",4059
"0xcF2ed0CF663ccebc24589D60C326C2D2B26C0C1d",1278
"0x0501011aC328b829aE730F6ED6a1173531b185E3",14
"0xdf3737D26F74aC36B73fC7e8Ff20AfE5009caE7C",1902
"0x3aC9D9f03Aa481C969E4317674201B9B62202C3E",253
"0xb2079986EBEb294b3Fa713e9C14B7717ED85873C",370
"0xCACC10840b02bAB5e9FCb20c897d786514B601F5",1
"0xa3884BEF31582Bc9c30A53f7C13245917abB4F4d",138
"0x6f583b96437334FC20aa9e08A452373FDacc0b7b",9
"0x0dCcd537748d658a43Fb39E9ED6a7A8e9f9E9537",356
"0x7588e906924Def1d33461DaA85A29Ef9F309Cb18",9913
"0xB1589264779C80DFd6Ba4055Ee67A75Eb1A08e99",173
"0xDD9868F76B161dD638508009Ad686308CE2994aa",5
"0xA28514338CEC5488E388c36cd1EA254f6AD45a35",23621
"0x11A81572f23db3556601BCE9178b0A67fDfC2467",567
"0xC953CaBA846a107f760cab4494D84C0608e47475",50291
"0x9C1b6eEd4Df46d46d0a8C987095D868D552255f2",16008
"0x7025732B69F2B8108D06bA05D2f529766E9358f6",10
"0xC3beD5028411c51979b0F1930A0Cf0503D253be0",2
"0xA89F29a51ED42b06be3ed2b85354f2519b10EaE6",134
"0x1615Eb15b570169AdaC1F462C024a601B49D8d05",174
"0xB162C2aAAA95e42635d66Ea502030621dcEC9391",335
"0x4E583B969E01e588cD5A60777c1Ba669E9812a3D",2148
"0x07EE4dC08567E532A4a3aE278DFf03EA98dCF0B8",52
"0x8f562CBAEE9f561A2fbF74f65f3163CBA2E9f42D",15
"0x7BA7eaA7722F7F2d83dEA9f88Eb40Bcb0eA2d035",5707
"0x6E78573edf72f9D586685325024330670921A565",3
"0x6fd64b2555FA6d1BF8564f728DA7Eae8aD1397B1",51
"0xeBfD27a02bF8da4be7139A2D11E43B9D78A59d29",2509
"0xff4bDBc644D87df161898A93673341B903858F41",75
"0xFdCDe3fb423CE24BF29EadEa4f49f984C5dfD3DB",110
"0xC64e2c388515746160bbeC6BCA467ac5efFD2f27",42
"0x35BcF70BAa05Be005b847aFDCCe7324d4F757150",8
"0x0cC4Cd9ebbcAD3d34e78A30f6166DF2a603f71c0",17
"0x95e038b7b76A2A6dc6740e777Ca01725F15915cd",5
"0xbe1752c6982591312CEf2013F0182bcA29897037",7
"0xC02a8cEB0D3ACeEe9e09760E30c8eA0daff548f0",10
"0x3274A0F2a203Eca488BAE5a1E6D9459B838fbB32",9
"0x5391Ad82fF5995F92AD726854620667676be30e5",1287
"0x1D1fFeA0bE186Ea773e5a3C07A2a280a602E72e0",22
"0x85AF0a1b2D2f844695181d335c39441c87B07AE1",6
"0xA519F5d7C6C59b73be1c87d55d28EA3523e54bc2",2
"0x302126d8E161310a2Af9F40C0Bc4657Fd811Ffe1",3
"0x0864c537D50e8FBf0d6366c70f255aE785B79AA6",164
"0x91D8487e105d387042737e065C4dd31ff7bC82AD",44
"0xB45E613BAb4Bbc29524bD524f026bb8A0fa18088",169
"0x7a8a1A9F259cc360185681677e54Df7DD06fc785",99
"0x9314B79174269aa2a29F45d24E245b1E316c5c29",10
"0x6Abd19597CEbB2CACB397Fb97117A326D897DFCe",571
"0x333f4270aaa0d874600e0a6547C0f45D264A71a6",2
"0x71Ef665E29103588e8e2a2fB0363db699b4721E8",410
"0xdfc686eb62Ad98331F7f4fbE754EabbC92fC3601",180
"0x56EdFd23eE4B18D2fed3d71441bC1CcA0E706483",1255
"0x7F0eB6FC07fe3EF6daEcEEd514Bf31DFc51dd9A7",8
"0x238703989575Bb2B97aAac9Ab5288c0c7bbEEA53",255
"0xF022198b654c42a15C0fCAA7AaF625cE6c731a1C",1256
"0x3Ca0882a262CF7D5B38b31697371b7f4480A9385",3
"0xFEC9bd7197C728dedc76d1251c6109108B549569",6708
"0x00d57b00a85475613653f62B9c004e74f27FB9FF",3
"0xC3b1B7EfDd1Ca0EDbc0afBe7a579C0a0403Be8AB",4672
"0xeD0fAeF2E7B422ed9C68C2D4A64d876A9d33976a",1234
"0xa126b6a8CaF550C4e7Fc254Abaed4EDAdbAbE06E",1
"0xCe12eA10a1BAD30868Fd0F340808560E34D98383",3
"0x5B61Fd1ba63d8B04da97e21014B7cdba78ACCB58",5
"0x09c1C64209fED1D3c68c705BE6556254e3D015E6",108
"0x86EECD474dd7F4780127265d8686af7FC8b70529",7
"0x05A92093c3562aDE567E5f6496D5Eb0f8023f93D",9343
"0x479685888C90976a5EBFCEae3a65dF5CB9E251D0",3
"0x11502061b2662FaA16ed2aFb2d0bC4b71a9477C2",8
"0xE918f2eB321d2D1272cE91C4d88146D942c2F899",3
"0x5fC8733B5487C07917941819D904e5E2d21B478E",8
"0x3b0Bff479e2134D046E7D967044E349034af2960",4
"0x99B72Ed9C6897C6cCd77A3a218E0b68cf234FE15",20545
"0x04C94e503117933da7Aa011d39BCf58DA4Ea8328",133
"0xDA35ec987e487e1EB33231C23d9375f579F206FD",18
"0x302BfBd13fa4E860c80E857910566b3b399badBf",107
"0xE227d76736C78e4D9CD5eA3B917Dd189D68080aD",83
"0x990ac25A356A4e2434d7B43794F773E5C34539c1",522
"0x986EBBd541fCdad38451e471610FEC9f24a26bc8",37
"0xe518cD67ed2Cf5d4Cd678f862Ac3Bd7EFd7c971b",16
"0x15A97Eca9E11E1B65B9cE05E1544397E9a5f4B43",255
"0x402F8064E553420b3f1654785cd46c140ab34F20",1799
"0xc77800153ecEe9b7786DD8b3785D111343fDEe47",273
"0x01604b6b25A4AB659De75619234302c913954E8c",228
"0x9E752dEB74DDaecaCAAA3651D5D75Bae7A3f2C2E",11
"0x531Eb3F72632a6cF84BDCce287220023561C9975",465
"0xbb28F509Aef7701bBd3F13dc116edcee7213872b",465
"0x90F076ae2F204A0E726909a1D64295D7871783Ba",742
"0xcC85f7678DDAfF03FE98e7FbED26F4F6D48ed76f",236
"0x0000777735367b36bC9B61C50022d9D0700dB4Ec",643
"0xA1f9c32b8E505ccaf9D51Ac70B2f8746dCfC6e34",251
"0x0E01D3Fb0Ef2048bF62C7a7EbDF1DbB9CE6aec5C",1637
"0x551b87A731a7aD67FFFb7709e0C90Fae956877Ec",1117
"0xF4a9925e2486CDB997e3a5F81A31809E5fC4f8D3",313
"0xC2F8de2C509C6d9c8430Af6925481955F47Df022",18782
"0x1e641b3248b33B27D004E06515c86Be9B3120392",204
"0x16fAd3D46103BE6DE39a81141e6acBC70e0c4AaF",9
"0x1dAcdFa9B8e595893A73a41EB58753d62dd07d39",636
"0x8df9E3ACB6911EF19F2F8215A75e501fdA15FcCc",708
"0x9A14645923c0E76A5951c4469F08D75EdBd2c790",923
"0x5Bf2e10d32c89bAe684beA451A1768e0b218F2FC",528
"0x9C43FacE51f2C61775fE5aAa49F9403C7B9f15C5",149
"0x2A7676Ab507942757F98ba8C300d4569370aE8b3",18
"0xaB9de03A769941619FB8c391ce666791d12d37D9",232
"0x2bb2d5eA109916D20886d4ce513AB0CC8f6e45Aa",180
"0xdB4Aac1e8917138133f2A041F428a1C343f16bb8",5
"0xf98B62B37A9611de382732Dbf42190bc75b7d407",963
"0x8E787d4C6d378266bb6ae869e4befb484943523D",6
"0x45E90A60B7aC50d320eC73C59A97015c6e67D3D1",545
"0xb7fcB858FF357fCCed7664A8699DA54C5eD8872a",328
"0xDf8fEBeC85593120CFdab2a0132e26B86B6da1c4",385
"0xf8caC4Eb6837E096a61978AdaF7f5d70002b0119",388
"0xdEb533C618e4DC8a16dafea5258668A9Caf563E8",190
"0x8735EA58914080536e00e0404A678C121bE5ffd5",3
"0xEd9131bcB9644Db25Dd6e43a630efF312eD7D69f",639
"0x137d8eF840c020DDeC3f8FaCD1eD7c49b2Ad5176",1
"0xDc38156D18d1d37736a2767D82C4e88be0B609Fb",1
"0x85D45b5127869e70c3E7E858Baf1f39b86AAf1ca",1015
"0xbAfec2588d91220e279831645a8b5f2b066783bD",86
"0x7008b6253c8e188526d79295B8E06d2558B756BA",463
"0x20EA45804014D5bCa4756239A7211441690089Ce",708
"0x40b2F395184fA563C4066A7aa668C14946a5f0cf",106
"0x5C586E843F340e0ff9cA50C939C91f1A91C5d9E6",7
"0xE253F7a6533C62755F470B33fa5BCD659a5DB3Cd",4813
"0x9254FeA57eE6cEA4E39502B949C9256e751e2737",6923
"0xF619dDc1Da3E116800586aEcEA8d6C68A0C89D0F",50
"0xb92599EBcA115DCbf9C76492a98b0E742a744db8",10
"0x5B3bbf418298c6b26327Eaad6A8BD51CE9711Baa",2
"0x36fa041e72d97C26026BC0f4FE34eD8Fa1Bc35B1",1
"0xE1533Bba613180f7C70EbC59f398046041e9F938",1445
"0xb36b894f5e95c0A5687db4952DF067003094f50F",1037
"0x82445F5674d79cc2Fb6047c8E6Cc673FD85CB667",1
"0x101f471052cd42d6963a8b21Bb903820B057fA48",1838
"0x95b0b9240FAa54a5EED8A8E4a0f44e5240766f6C",145
"0xE2E339343cc3393E42E6D0613F50C7616edbAeF5",1366
"0x3cfA7505b674a690f992fFE62F916d530354478e",61
"0x9cAD35C5848b1D35Ae5fabec8759180bC3830aD9",3
"0xBF17C9E43aeeb2FaAc6aa66681FaE1306350A1C3",442
"0x9a524D3726D25a7414018D6A55dBB59D3Edc08dd",1
"0xf641396e81f6407FD3746ebeE704F3A1de08e86e",9
"0xB250a87BA94f8E234ea4c801aa7eE727Cc6DD67a",151
"0x77536602DF203c17Bb21045b0f643c893fD75F0D",58
"0xD3EdF0ceD4E672b100b2A5Fc8d03Ac486EcE6956",75
"0x7b8BcAC18D888547f72065506BFa38549a0A453C",72
"0x2AE6c3C1F932186e99ba8700f41DAb7d423db2f9",78
"0xF67846CFAb0987a0FeEf34c63C03f79691c2D6dC",16
"0xB6D627B6d548F3CD5c45BDb79C42c42b5FbC9e83",146
"0x9296A05047C2c2D375aF6CFc5ED5c4D30442312a",10
"0xAc0279021e7F870961239219d384BfA46b91a307",52
"0x8771CD17ca66E3645a61F0cA39D2b6e0bDE83931",6
"0x93D2e06aF95EC6eD27977c3c23E1B190beCaBfD6",1752
"0x29F0a3F63e82792E6dB03f2Aa875581A8f8ad23d",180
"0xab6413C08EF4a3c42659970A5F5511bD1266373b",4
"0x4B8737705A281Ea4Ea332f9ABD1311506101eC16",1819
"0x1388675fD5D12F9Ffd0BC24b242277C7C6289F61",821
"0x1c3f3d66E14728eC58491d5f2e86a37C09b836F3",9
"0xa8CC5a9034d895c8545695c7D74F04bA53e82D44",9
"0x73e09966eD92a732b4ef6a576C13D03FCbFc4e32",15
"0x38DEdDE7f9DD026ccC772aFD6E023Bd400D24a9b",8
"0x5ce1822016E46F4Df4e97bDa6bd31b5603dCF0b6",1
"0x2a475D3B56A805a6d94d69C6E7dBf062fc6D2AFA",7738
"0x08fA6D6386A496a707b323985a868abbF493a206",3
"0x6816911a3833a0dE92b0A4682FEAC69787aCCE9E",202
"0xDdB82f88C13D8Ce544a02d171e9692FF1F6943ae",38
"0x93E40CEa7ad9A14351C76036fbd2C2Ed3240B875",69
"0x0d6033528Af09589031FBb89C058CF8A4Af59b93",125
"0x5C55ef3F1d180b8647808E387dCB12F79b978D10",4221
"0x6172a8fCBBB4686c05acEf4DD8380022238b0cCB",1
"0x5eC2F5FA76eD9fa530134Bc6a84187ba14FE985c",26
"0x65a7DFdf0123fbAB1373dB8aA09C4e18aded325D",9
"0x6a2864Cd499DE5D4fE4561c7f80d0320726316c7",1318
"0x9Cb16E12Fcce98d5Fcf5DBc967F5a7344533226b",1115
"0x235Db2013DA85076B4375f59F50bD82e9d4688c7",477
"0x451307304FB1964728fff55582B66388Addbc2b7",5
"0x3f19a9c36B813Bf9A5A9405610dFe05863b48856",6
"0x19f14FEF313359E146E421B432c5E9F25A014387",12
"0x54dA53fa780b35319c7b9AE85526e51e8fc29581",1
"0x6FD7bff0EE5190e8cB0F7bACfF2a9Ce3A7202A0c",230
"0x3Aa8f7bA4e3579349f4b3D39495A4274a50a33AC",9
"0xd0759811f5f0E87e768cBA02648E731cf163235a",8
"0xF96dB643cB5aEEdefEd32A2E2ac2fedc193b553b",10
"0x6ECB625587E8D7c79eE250372333BDd08c77B4e7",31
"0xBE65e2cf032664B3f3FC98F4cd7c1c33bde13FE5",12
"0xBbd2Cb72218f34894B81EB8B3582F7F20fE907bD",6
"0x86B88384f63FeAA37D98b468DC16035D87Cee06A",6
"0x26AB5B88A9BBe65220b13a2E73287BF01AD70804",7
"0xfbfd4F6993BC0D3481B9bf61AD0892f817a2e7aC",1025
"0xbC2e06C6ed85Ef62aE3fd5f468717a70aacbe3F3",5
"0x38EbDe443BC864207E7403dCEd98cCB1FB811283",119
"0x9cF50F04b859285f08D9446387FE6eb71bF369d4",2
"0xa7454E4cc7bd27e193921b3dca03246224E94d93",5
"0xE21463a9C852D41051DD9BF61cFCb6Cf3de63a1F",103
"0xE670e62e1912A973EA95DB71547eF807Ea507b31",48
"0x6336d329Ff3A449EdFa4b2D30657bBbc89D37F6D",76
"0x3Fca967bf836F1445757Bbfe7d1c03BE165ed7BB",739
"0x81A82E426f1Ee1FB6B510FC9461Bfe17e6f75c2a",5
"0xd8A8ff0b0c5cc287b2866D134C723FBD3434731d",1
"0x5D6CFb96E4d8b949C32a6cc25e0f862b79854910",1
"0xD669482ffe8849A7E1FE79067f8795aFF81EEF77",140
"0xDd5eaC8676E3DEF0685c12a2a76a7e895BD91Bf8",3454
"0x67B9bcd67ebA1C1A45851ff90608f08eEc5af2b7",3462
"0x7a76e53C54A0eb8C70dBb9f438789cC58CDccE1E",3465
"0x9361766806A80f82cB7612D06E9e821Dfbc1d3fF",189
"0xeC0de364A71cF34B12EbAd81a472CaE310FF08BF",3821
"0x326D4398ddB2C7F701915111dc43fd1E6e7a63F5",3410
"0xDF40aA9fD4560894625B6992A04DcBd2C6786eD0",1
"0x1d4ABeADEe9344A879ecA5A4859A828F618DfC62",138
"0xCdF67a2Ae4B44a7acF19341eC49b0355c431e61e",15
"0x5D3416e87b9F01692e1CE3A2DE36EdfFceF1a94B",28
"0x480C5601E5C5d580B3dDA467ccbA024F91D8b5E2",1
"0x9B0b37A14Ca6A2caB28740Ea9e2f2c0b122Dcd8C",6
"0x09ee01b76e1b206ccFaEA72293f78F40ED69925E",7
"0x3c2D27Bf3752E8056BAabC7932F51077d96ebf97",9
"0xB8E6DfdD7B1ec70A38fDD09A93cAbC1d3f65F0C3",1
"0x17D930aFd4d2A3B88622C69218CecA3cab38C926",64
"0xD19a8036c74a85980a993c7979010f4035375D37",6493
"0x0fb12735757D2Bc87964c32f261F018E2Ee17d83",69
"0x1d6Df3656D311a02e2CB750aCaFC094beA0488C9",7
"0xc0F2c2dff188dE826249F1399A24986D57f80991",7
"0x07ed79ce7A5066f82073C1295aC07D2e7eEc84E0",38
"0xA7a27889fE793DeB4BAC28E198ff4c24206f6a05",10
"0x3EE5e21E74d81CF2F232D64fc2D2591E0D1332A1",10
"0x956b925f5E4363DA7af1e4B2ab20Fdd2cb069bC1",9
"0x7b0BDa187b3899A89DE87eEb1eC6F6bDa06A09F9",30
"0x565E985472C5031Cb7Ddd13c0Bb51c951Bc271bd",134
"0x1088D428817203f6Ef54462501932A73BA775A1d",30
"0x260CA22885185b92BBcDaC78dBb526B5Ee6f6E7f",32
"0xD44D803a3fCC3Fd4f7F77214d70e9Fc11FBe04D8",38
"0x2E7e4ff0BFcA1664a3d8EB146a9FfA5f6153b799",8
"0xEd4a03D6C30986E74FB8da5ABBdF2C897945d2a8",91
"0x0F338E1b77Bfbb63eBB24D67cB638B0F4A96f57d",31
"0x51ce720f9c06696B605eD4Fb4B838bB23a87b3d0",30
"0x35A0a9793FeD569e851Cc3403bb406D3dC36dD85",30
"0x5AEA0a780e420b07D21e57154945a77cEb09Aefd",35
"0xCD8Ec4df96E23f20c29259F3f0f367bBf0a88f37",53
"0x65e836695BD7f089672f2384432368638B78Ba53",161
"0x34f1B60Af301c4DEa619aD8578908857e67c042f",36
"0x534a3fCDA6c844D1547539186f37FFabf4daC237",39
"0xD262C822B0A66525255047AbD77eb6B9fEfC7831",31
"0xE8E5d067A04e4fF284D94E339C6bAb524621200C",225
"0x66409203bd31bA98a3C693275510F560661C1062",61
"0x9c3e80c9Ac9dc1809822baAE4810843b8683ab4A",6
"0xf60c22205B4BE62032181627cF26a88305F8643E",30
"0x8CFc3023a7518Ca987B8621aA5160B82CDbcE0Ba",37
"0xe07562E161Eed7FA0c11185612AC62D583E46F53",128
"0xFA2eEE9aA6C4290D85D2732B0DD2dCD5448456A9",78
"0x90132fe50936495E199C7AD2D74E4909167C4Fc3",39
"0xF69b5EcE8CAF05395e599c0283996f98F77662B0",213
"0xE0191A117939319e3764e60FF93f39C6bb24226C",43
"0x4615c2B0Eb3D40949ECC25481aAA8d2364548de1",31
"0x5a150aEad3010944De2a5acb2dB55c89C99a5FD0",33
"0xDE41eA7fa1EA82A5EFc2bdE749aaca63dDe7015b",30
"0x84e74Ad4b6bA32a35b1462cf644D029232C9B9Ac",38
"0xF8a71b5F9C9Ec6e3049993A0fd207c2Ec409e8a1",31
"0xac858889c9302efde88d5AB1a0eF668AB714d1D6",54
"0xd1d758BEF9021E1548daBb3d0F7e6256cEc59A24",14
"0x487f2a253D1ef71445B826Bca31f71732E8a9912",8
"0xddA0fC594f03fE7613BF1B6b6f7594A18D123014",29
"0x3cd2E1D081Bc87E17DA72B3C2457d781c8E96e33",8
"0x9EBC9A5Bf355e593716BaeCEB2E7c5b677817c13",10
"0xb0f7993B4cE2cF0b432a57960dE4B069EBBc77Ac",42
"0xca7edB74D2d65FC295fb3F59aC5EF0A8c4C6e051",6
"0xFf0d3ceC7535A958EcA3861694fF5185FaF1e1De",56
"0x51258B3E486E46e1868a39E2E9b88AA5054B32dA",5
"0xc997aa378DdA02437875a5c526F0B0A96Dc7169b",1
"0x0eab9dEbC013433abF8887c853a1534aC3512Ecf",38
"0x8E02665Bb19a673C4bb003c99eD3F5C4a2916e47",3
"0x9bA956ee346A1D03FcbC97DcB4FB2b09dd2e304e",11
"0xD8B7097a6BdAf143BAd8546C617C8CF3Edc2CAf8",5
"0x16bF0277f02eB7EB91c01C4408592Cd7f1CB4C3f",24
"0xAc07C4d3C6b168B2e299bA425590CdCC97f45E43",15
"0xB64f341b1E5d554722D731d536724c3B957c0Db7",2
"0x78c15da9205c94b70153A13e91325F4f28992b5C",1
"0x0634144421A3d3399c1aC804641624Ee8983a195",1
"0xeEa2DFd64DB539F21D7aeE045383934f81baB194",2
"0x8EAeA94d23C32c49b6b64Ab80D0bD4A2b603A911",20
"0xe4aE255e7329C010eC0540c2625778913C1364C4",1630
"0x442E31fD6b2739b661950978Cf75f3CF6f8A02E2",4
"0x903348418534D088C2914885Efd887856Ce838DC",2656
"0x1045D1Dd8d5eE1a905c2B0b611f3141DF04059c2",1
"0x3d3e828507990028A8eB603b6A32B57C36C7Ec47",314
"0xF544c612C25F4dC8Ccbcb73C712a280fa8b56F0B",8
"0x737A2059e67D660371F80E98Bb505fb33435D40B",599
"0xc6571c2FB66825F13b7751b1c334810D397618Eb",807
"0x79A140670A55717920B3F629b65e97914e26A229",38
"0xc0b444AC93D5b76b7b184b455f56C2e2Eb15B776",868
"0x05123186591eF6D4d47abEF9cBF822213DfFA785",10
"0xBB7EbA58FfBfc574aFea86aA730755F4aF18BE46",28
"0x01b86AEEbCD1Ff94aC1195cFc8FD9e39dB24db45",379
"0x152E16AdAE829Ae0805cF8866E1420A5B961C44D",7
"0xFa0C565ca13d578bd1BD8Dc0cE0087836a46Ac98",45
"0x3F0d0C45ad5C8A05F7c210abD978bdcd8936AC1d",52
"0x52F6F8b72aD690820c9EF5aaB5f50a83E18bc5C6",53
"0x6Bd6386BD4803E9a336d635448FdC09eD69Fe0B6",19
"0x2bCBE93B225c083d14Af22DfFbCD6e26769f1985",11
"0xCC13912C28263C1aee5364259C56123296d4ffe1",17
"0x792e580C3f9b3bf0E7B2a7Dd1F482E266D079c77",8076
"0x99D64BD53DD7E5d8E6845Cb6685c69E79D6A8f41",5
"0x20961AA837950d9C8761dd21c42C2Ab41eBA84B5",21
"0x9dff7476d17C43Fc7B33D4fF7637A9B63DC228Cb",48
"0x9b685A0228Ce282D6A6220148fb530b5aa6B8af7",21
"0xcB511291b15c096dD4bb653A8ED2100aa2A21777",18
"0xB71112D778780d7a586d9bd77e57df6F11192777",4
"0xEE91dd9123736B011238C05DB207987862F7CbA0",1
"0xf83F3439bb9A63aF29d21E2A6356aEdED7613745",6
"0xB54599934455635dbb815E5c232B411AF14f198a",1536
"0xE3A056EEb8ACE4fE1B3dD20f9c0A8c1e9f6b44aE",7
"0xf2D5DeE4b90999e0aC61D666c8d2c38f08ddAB29",2
"0x94C8B681e991D2aBAF30038142775b8FA7F0E6Af",2
"0x3f914C1D6afEeD65570A54177EFcC0bd0a65b81f",3
"0xfd87ad5B3b79079EE3A27193a43DEb7943109c01",527
"0x869851c20a18E6b12872B380Db28416F8f915d0b",421
"0x5D2cA9c220F66A5f181E53bAC510Fe1e1a0bA268",336
"0x3F8f765b2F66ae5af396b702Ee30C1D9B663fD56",965
"0x08742b4F6d2A968D8486ed6d5faEB6b2929FE031",1
"0xc0B1b6a7A3f078f3E57Fa1d7731cD53eCfF9782e",598
"0x19e5536baB3aD5FEfDbCcAfBC41ADbF1eC75F640",303
"0xF637978800670ba2a978501D86f73442e108f946",517
"0xAcD5dbAb3628C032D9B8C097C3650Fbea2aca928",275
"0x3Bd7aad83c7bA458B94A795249be03D64511364b",73
"0xAc8b54F7CF6C655B13bfD487a6255353f0631faE",403
"0xC59F7Ceb1D5B92214685960DbEee61339af3F2a5",96
"0xb71Eb94E98641bab59AC87feecBA3188dD0940Ef",372
"0xC47145A82F21C5Bb731e0Dd419a668a5014A7037",154
"0x00005B432be62e3cfa7E1a9D6784369462d9a38D",506
"0x90F82A9491EBdBbF4ceFA75afDd0B57b9c8EFf6c",384
"0x465050115C77566C87344B740a40095444bc0205",213
"0x2F4467ABB1F9518522040E4B4Fa932B36E472185",565
"0x896b2797442e7066f2e46959a0B32398999fCC0d",220
"0x745314e3DD94afbA771b16794CBF8f681F91A856",816
"0x6327dB256426911421D9431A559F26Be6F8A72B6",128
"0xd366769BFd65C1e3A21b8cdE6c3a96109F78d6e1",151
"0x9cA09f5baBED6F74808849Fd9a71CCdBa821d4A4",2
"0x298523fAA843CA40e83b7934170ca874a4FA1b04",729
"0x2bA0fCC894522DF700060a6015f7e96537B18412",162
"0x6cC014DFbeEB80FB5949B18E2706aEF45dDf07e9",38
"0x294C2a8BD233fAd3D9c29e9362A42f8881f4461B",423
"0x346563D78537987beb25740B6b9aeafe9Bae5073",262
"0x956B3Da5A9396B9a708f83415C3fCFF2bB57a147",337
"0x6D07fA7b60CCe5B70Cd01842310462783B00b770",259
"0x92E107B2c10C176C97195997215Ce3501C39335A",665
"0xf8926A177273202755F9Fa930c96285e612375AC",425
"0x54843Bb3eD915cE29934Cbbaa35db7ef529c722C",813
"0x4E948Dd20fd08B4f0C2Db01D6FC4Ed3a4c0628A0",875
"0xA779aF628c2eB283916bb8BcA384821a483Ad5e0",470
"0x19d50766C78a75f80Bf2bd33b51e9bAA26882a6f",863
"0xa2C7B6eC5D84767c7dFAd9684772709c3C315B2A",364
"0x40878b6A574558Fa364109a751b28F1AB521D91A",10022
"0xa6DB1aFFe6A70FC0F7B2D6f4583E3E75211342C4",737
"0x2EEaebaEF5ED66d4f375bb67FA6f62eacFA245C0",327
"0x9623256650333b7e4F380192e621A05B7a250b9A",887
"0x2548FaFF0C8d1a793d18332A1bf3211a78c0491c",670
"0xDD8897F0729D1D0E7eCF36Df004562CC4F243E11",46
"0x86ee6B196b05E3a933F7B9B085E62aA0512b31Ec",1344
"0x525dA934F1C3808D6E5022edD634bC348817aB1b",119
"0xf564168A6ED01548B92C4FAEf6eCE1334af05d57",2
"0x197da6348eC7542C3b349292dA0A088f6d3DFf80",1
"0xf4776e6C559C2e81460BB940c9d0117bE634cDF9",1
"0xA71b0E85C74138149efeF0909754ffa632d1B52C",36
"0x9dC51a1f113f53ce1890b08F1a7e33DD94340198",1
"0x5BAF455Fed73eF9CB348d041A5f7e1fD6753599e",3
"0x7bC11B799F2e0466277681dC4341E8D4d941a006",6
"0x7798EF84da597d451d20EE688a4B4A647452ff35",4
"0x2CCb64C480F04683859F1DE45910b5FFD061fa17",5
"0x59B95987b0Eda86E356B316402aF9A1f9F56B2cD",16
"0x1BccA17aAf9A062Bb0951BdeD17DC56bd397CCb2",7
"0xF3dd982C8BC182e9F25a3B358996314B781d5FF2",15
"0xbEA0F9c4e05e0697286133247baD022080eD0e2e",6
"0x2f04AFe458F8080b595A0Fe5D7e4609B915dE9fF",20
"0x97E7913976B5bf63e8b002125F2c49821F2D9F9A",18
"0x6734b31Dc83D6522e3ec7fa8AD1039EB006D30c1",5
"0x22813759157E840fAfAe95721bBF7CeFd39974c4",59
"0x15F630B2182405582644CD66Ed3A5B8c40Bd37a2",12
"0x9FdA81128375Df1b6433Ae83c2a06de572a1A056",4
"0x37bfAfdb662Be7bA26b91faA4216B03bb517B4Ce",2
"0xb6e8D6F9BF1151BC362064075aF9ddc9871824f1",4
"0x087Bb1Fc2CBF282778c790601ADC863c4478dE27",7
"0xC23fF969D6a84A3b6C8c8FA9CA8D9B0f1F7176f7",1
"0xbfd57e11dCe2e723cB390E2ddd26F14042cb401F",6
"0x1715498570f67D423b6FEC5361815013Fa172FB0",2
"0x485ACC28a0740B66bBcC02Aa2DE4d63a5D5A85ff",2
"0xBD227C7B8D581b9D3639B7e6E301CdF99c374dd6",4
"0x5b7A8e9B0595Fe997118c158ef96A5e098D35201",2
"0xbDfB553D846DFC9Eb018cfb05c2098B5643302b3",7
"0xe2C8f9E17A6d5C6dF24444fe3050360a14822904",3
"0x48DeECBc276D2b51474229cac0AfD9AEfFA428Cd",6
"0x77C6A787253cf8033DAbC79962c431fD072C9f84",7
"0x0e392DEE7724A6C6AF50ea1a238bc31d418cA027",31
"0x3de61De188c4C0CBde73530DddCA08a518C538A2",5
"0x6e9198D32dE3E3004B9858F9Dd4DAfcb2a530BaA",12
"0xA98A8E9504e138b12E23eDA55028e24908C74e85",6
"0x3Ce00633BcF85BBDc8c5393520aE9784d0DEe63E",5
"0x3e99587cdF3C4aA94DE6479eEc3F148fA182D53e",4
"0x3a47cEae6bbFe20B8bf0FED9372a744811480340",6
"0x17F4F11d9cFE0Cd2D45094410B938862Bc4EBe50",6
"0x2A14bD9ABac0FaD55f1fe7F73Bc0B13E4a5842a1",3
"0x600874fDb758738239e8EdEA567529BDfE376132",6
"0x822dae21A31DFe66d710618C1f31D7dd6E5EAF71",4
"0x6129a79d3c3c6032D017724483b2546F1aC10C30",6
"0x767A5ad2267b8cB21277A46e84814F70E571e44F",3
"0x5DF1a4b067f0C26602D47550A38476d0bEf3C785",6
"0x47329E968B8E7F8B4ff0f5c46F16962EcDbC75a9",9
"0x541aA65A48B7895a6C8ec56B9cE89Ee56c27356b",7
"0xf90fD9F470C961A70fE8E100cA76060e96762E3a",3
"0xc91540Fc8b0F7fd7f13B6da57AfbdA41020930Eb",5
"0xf619AeaaC898F19E22D68ae4c146b5892bCd8671",7
"0xdB35451197fFCef3a7801DD12293291aBc600db7",3
"0x219b28233131258060b188933617b2C15D3D98b4",4
"0xdeC2bb2e3AA3236e337bdd5608915a6AAC8ddb54",1
"0x81B15EFe51eF0B23cF26a94f17fC7406b51AEc20",3
"0xB6a94E60049a5Bd54feCD92086B2Dc304FAB82D0",7
"0x9f7e61f0062F8f0c45e629699C7257D95393E7eE",7
"0xd051C5fA5cC7c4B2035A3Ad46b0d034A6Dd97288",4
"0xCAD15CD90ccaEE0C36db7fAc5bfA6C14Cf2FF5d8",3
"0x0Df2d66041320949bBeEB8cCF920cB843420fd89",6
"0x4E4547475450585b944DbA79c0037CeBc6084ece",3
"0xb2c3Bfa24b82555cAE6A7296c0c280c020Ab7b31",2
"0x0130C9882C925eB6aA5A1e8bc261A02b3dAadfd9",1
"0x5d5be1091379EDf1F52C6e960c732b6376b8C7F3",5
"0xbc922c57347377BA232a9fFB9e6E81Cb879093Ec",2
"0x9F788CF4Fa853aa9bd62dBacBdE29DaE113f1080",1
"0x481744c1B675727A49e98829e93F84c02e6a92e6",2
"0xbaF0CE3ED7888AB21e028Ca421664f7B6c8a3eb2",1138
"0xadF4FeF3e62364C563146597F039A9F906eeBCb5",682
"0xB038657C35150282439E25ce0840243488B2E3a0",1073
"0x1185da6988190d0aC4dBF259dCb101684e7e4A89",4413
"0xF016dD5BD6eBa35db1C4aBDf5022FF74fFAA6456",2064
"0xe532C7aEa83d4d46aBbfbB90D995920896089ed4",1328
"0x770d6DC2B7F40c4821c401fae834b0A0ba12C153",109
"0x1584d4f527f04E907aEd1eE4342cf0F6E07E7059",2
"0xC744438c8e96147526A8117A098e3787eA458cc5",4643
"0x7CAf5f8aEcdC4d6661DFe6967D35211CF0F00243",1
"0xc8444B39E058928B32cd496D4775ABFaafb8d5b5",2698
"0x98cf8262b09Af40c9a312B9cf4c4b2aCC158F5D3",5382
"0x76560E9E4A18c1f64dF6D77E0a0F779e8681b131",5696
"0x45ff8C758833c3E791850E3b1B5122a93e8D9144",3829
"0xf73CE3bD5db81cafABDd88Dfe4d69FcD0428431E",735
"0x2d332f3e013B9b8839d2c93bF99871435f048ee9",1327
"0x6950a743a41037b532757Eb91B8aD8F7c159D6b7",3587
"0x3a01953225a41a92247137228DF63A307148bE4C",799
"0xa946fC3CA31480542a0e8720682A1Ad8F981eACb",109
"0x777b6883A5c33e3e2807b3859f8D75f384BCDa1E",104
"0x502Dcd1e9fC4fE9F25628E190e876d8672996825",136
"0x19cbE0F6E3acb01234661148e4F1A8d44AA78277",161
"0x475CEe4F1235264E67a8Aa28834fEe17eD0633F3",454
"0x72f7f76bdCf186C521A7021151F0012Fcab1971E",170
"0x5a5e9B2F19271359D133238Eb0C7B124eB6c640d",141
"0x9cd271A7b733f64f079a08E9B3453b6E3F2B2e7b",1208
"0x1c7aD1380374C1a560a6bB1D6bc1b2Ed0B73d59C",140
"0x2Bb73cD0B6de7dd4136186f492C42bF959CcBF82",289
"0xc060e748E03bd0154db992CFFc4cc156170514d9",742
"0x1e5f008B745ba0e79a6Cbab307e7a48BA574993E",640
"0xacB1dc191208EDb1C9cE4886D96778B1e8b36f6a",761
"0x7D262CB3098957AC489150368c31445C5DB66aA6",2417
"0xef39555181Dd72e935244D2091639b7af4216F42",210
"0xBF912fc48E9CF0ea9eF7D0eE6d78d4E073cb3e45",101
"0xA81f1cc08D76DE693012374E42712a2e9A84A27d",2525
"0xaf66dB6E1cB37f830759132566e41A8ee3d46769",613
"0xD16Cd0EE5a118a610c160307882756508E551368",260
"0x631c6311E96fdBE214d59d4978277Fc983d2CD84",77
"0xA107d3Cf14616aA69D716bfA6C0ADBbA8e0ED411",571
"0x5755664E176659A9dDec75840bEE8C76D71DC69C",111
"0xC4866d733B897b233E583D801C76D763f399449d",72
"0x230c79EB66482694098E47FEEc133063f282c40D",153
"0x8c4C0500E8ec575c2Dbb03D01CF79f84f18F9714",91
"0x0279A30B370cbA48913fbACA3691edfA6Ac0160d",111
"0x904874d4Bd2E594304DF5792FD3B0cB8ce3BE1ad",37
"0x8Bc78A7956d64B52e2554681750956Bc88e66B37",30
"0x405f3959607F187E8d8EfB22fFE6BcE7703e4223",384
"0x86A7952c429FD4b72c2AFfa17b79Af0AD0993D32",33
"0x2885E49Ac4e31596333379ae11AB4B3d81aAbF83",1071
"0xb3EA5609D62AAa11fc08e876257f65A51bCd369b",193
"0x3E969D43645EfE574F07d53DD9bAe400cE655BA7",382
"0xBa06bC5A4811A7f22c2351bEC10462D353370e63",43
"0x9166E56AB93DBaDdd65dD1B372d6B13d567526Fe",339
"0xdcFB80836c52C5123a2557251AdEA705A340d238",109
"0xC731d92Ad35D8B005B4261eb24556E6aCABDfEf6",194
"0x934b2cb39DC77dae02fCb5693E8e2F2666f39C23",509
"0x604130Ea598F40539F2CBCfaE4B42FFF2637c0A8",360
"0x2828bB44A27251B0b49051bAbe509e61883bdbdf",242
"0x0EfF04f04Cf3e9BaE25bD2b7f689eee57C33f383",277
"0x6EDd0b4201024ac5BC565E1E3a00fe883DE15F08",458
"0xC2b3EC48f0F6109908c21cf80dE50291e2dc0367",184
"0xc62BFa7C1E3b5977389C35dEc20e2153Fdbfa3CF",301
"0x82FE44cA2335377FE929393ECE2dfb2bBEfF3435",327
"0x5Ca29923aAD0F64165C4dB05EA362E33F3821Ef0",295
"0xa47351e191027358522313A2FEF833f393c7092B",383
"0x3b37fDEe7497285E2BAC5A2A1075407b11b8e023",254
"0x08142F6647a523432E0cE3cF23125436f8b8ABC4",951
"0xf83632B37AC82E0c15A7512EbD9cA47cBd4A7d7F",2355
"0x65f2bbA327db28dd01a6b4DC70871acE01294333",2911
"0xf53bc1f4f44102e82e941cC3e47b644f3C2BB5bd",2780
"0xaCCdD7A78E59Ca7ab4a5bDfB9fEd51dF31334908",2336
"0xAEd75b5E5F192b8B41eBd4e88A83cb156847244C",410
"0x1c098ff04d5Bcb90f99bcCd38C1e14b428C0b6F2",559
"0x5Da7eEF76b51aBa108b076e0E35Ebc6EaeC742f4",103
"0x265b7C691a84ddc9c5d691bBCeAc2B8Fd5174414",117
"0xe47a6D1607379a6CC4F71e07cEf2C79CFA711e16",553
"0x7666649259190Db625c3EC67A35789cf80CC5c0E",128
"0x483E529Aadca523C76472341170376ac80093Bf4",251
"0xA391695C5BD5fdaB1A7E38382cE0db8EC2cB354C",135
"0x782D6C8099FF85AE3FdbE67fEB174847C166b3c8",304
"0xB8C2bC455112600F6db693faDE61E4459001408E",217
"0xCf67f2BA9D4bA1D0176Bf30beBA7b0d3E6100136",182
"0xb97e5cAa7B7EA6e06C5852de5c04C5b5b127Bae9",184
"0x89948Ab4766E88802b572F3d111E2A8983C18f85",304
"0xcD4ddB919BD333Aa1D0c45D099CB46d292F236d2",465
"0x132c7ac2A565E945B4e2bFB64f05dd925D1b051F",1091
"0x3B064c1305C30a37BFf70795CCeAF0Da7992BB1D",153
"0x9503855314684E4AE051609ac0add90073EC5Fe7",115
"0x2BC89b012e7F3946676F755019A59FBbD5F01251",80
"0x513C7E9d89c89Ce12d0589cF3Ec7352A73E41f35",372
"0x15ab462044f37CE6cd8A5C2D7c2f972ec1214E18",224
"0x99826dD67e69590e816E74f9dd496C5b5D8b460D",116
"0x2CACcacD729E7FC5f99C64E847087f5c54FFb3A6",82
"0xD6c5FF67B9BA24d12e389cC981C0B4bc9525B829",225
"0x880B4C1c94C0eE0884287D37336bfb63C270A3A8",208
"0x48AD660Cd7Fb92CF6FdD564E2A571EcD905f1c86",488
"0x1ABba3B9fE053aDdeFdc71c146f43a06dd658d09",198
"0xE4227C7eb8Cf828D59BAf1Ad641d4f209F8ef8B5",250
"0xbA8dd1868777eCdD5DC254aC4Ce42Cb62AeF6841",68
"0x2EE866833cfD9162dBcFC51a9B9B4972Bc8Fd4a7",500
"0x1959c8c0eaf9E93a8aff33B7a636a0a1281a7819",85
"0x2Ccef358d55BA93AF28d3C4FA479067D37199aB5",502
"0x320134E493539cc6Ac46A99648a3758f3050A68a",178
"0xF5AD78DE6143e618A3086f972279B61287a867c7",73
"0x2d1C16Fa10F2c361BfCc13559fE245889Da1D728",6
"0xd14EcB0b5577F12DF8d95440C137e8B0D5B98Df0",127
"0xB1e1EEC60a73E4A5e20E5Fe3C2d9bE23985284A8",318
"0x04E9141E6bb741323eEAc1926041340619690d4e",226
"0x72c4feB939Ca7C79c01E510EB3Bf2014F740cfCd",412
"0xcF8bF3B01A9e5CE0439162336414484C0fdBD0e3",8167
"0xDcf4C4e2746b1808469Ff943b1F491849854886E",428
"0x3eB8B821a7E2D8AF51382cc835024B24514fFa11",1
"0xbBC588038cD0AEbca9dF1e256564A88A981bE058",438
"0x3DFdB40CAFae1ab9eAC7E22F1f60EB81F927456f",485
"0x05bE329F7f3F398C6Cc4aEFA143640e86f27714e",99
"0xd037DD449D3E4cf4b436a4C6E9503e3E57c95eDe",99
"0xd5874C1400D3e9b4A150e29D18DCb7E1D68Df792",91
"0xBaCB77aAC8F0265cf38Bb88B50BC13B40cC76c4A",108
"0xec3F640a6b4eBc56023E91E0CED687f63995925D",48
"0xa525Ee7EBd72dab5b5430283Cb1f98a2112fDFfa",63
"0xBdC6B74DC2e49B7489cEd313365C8E80454ba116",99
"0xE43BC5739437e4758449Ab9e3a387EfaDd22e9a8",305
"0x6f96Ca57aF7Bfe4C147Ad893984D0CB0C230E7B4",222
"0x0963dC11D829d19447F73caFE50Ae8025C036B04",3
"0x7c6D2A4DDA595aB112C384072fb2953C01263B92",214
"0xE28984f98FAC4Fa1a62d02C460716b36e5D07488",208
"0xD7Cef426149C76302A294E86FaD4e31fd30965AB",183
"0x2E58196ca532b36FE788Be15Ad2aD6AE068f6bF1",111
"0x45F69A8F1266978BB99fE8eCfa1DB35b5630A463",209
"0x2afD9577E6Bb5E156e3036da2e682B861f1bA55C",717
"0x49C5EFf879779202e81EeFA64869508a0E2C374A",403
"0x93081ef5E75CBBbde3040AE1453D3ab3C2e39983",138
"0x48A2349d342308bb62e477912242a650a9b061c9",49
"0xDad937A05FEBd53148A243499379A29221B7f279",42
"0x055D3De46370a29B259f4519457B2438f1844cD9",76
"0x9736928f1FA5A4Bec5b8bf1Bc93316231A68E95a",96
"0x2e145C450026e77A3Aa413134547c2a86330b7c2",94
"0x015DA17e06cb67Bd635c898b0c5B5DDD7E5033ba",85
"0x8B556F3028Be6B68359B2e39fb12366642e0ffd4",83
"0x78f12351F72c82cF2a357fA2dF047BE8678F9AAd",37
"0xf7e1b30a92Dfd4c0793CEd8459B78Ac83A76d5aa",80
"0xAA6D3CDC817dA7880FAB8BC4E7Ae8DdF2110E301",2627
"0x4F631a1466e157A5e8cdA69e3A034113a4a38423",2894
"0xd6a39e10C191b7eD7DB36764142e5325600AD9E5",2830
"0x93a640e11D070eC1D1801eb5c50d5b61d1Aaf066",2822
"0xE0B258Bb6A4566459946FB78f04688EA0310116e",2723
"0x1f8AB52D44dD0c5780866Dce153C303363b5F707",2009
"0xb2E3440fE24a6FeD8b40AB1F99Cf83fF25baAfD6",32
"0x2c6f5e87b41a0ce720871701cF165d1fcb452aF2",660
"0xd007738d6bcF988173493fb62c026134186174c5",174
"0x0553C750923CE044c8993b6F506Ac4e8a92652e5",1952
"0x8D4829f9C4400642d51caD3F2e90F476e6150732",968
"0xd7Cdb99895C524f07343074F8ad86215286eCa50",139
"0x0Ff9d22405C4D1d44fc0fC2De863D4E6D26C160b",356
"0x5CcCc607e757E19D0F4d20614046EB4632Fe5faC",163
"0xDb0553777eCB4d462F28c6E129fEdf580e501773",98
"0x404110a77d9F3d03B3640aFC6181C3507a229CBf",243
"0x9a17B61C745ebBf23216E31A3A572A0530cD30af",82
"0x3c1D3d1A13B7e3916627C145403beAd7bF4d5154",70
"0xee0EE8a0588284368D3eA77d3e33FB3624c55A4F",298
"0x99368bdfe231A5500d62bB7658Bea492EC35C67e",266
"0xb955e3E549a9ea2b9b7687ecBB43b0A27C459404",240
"0xbfD905a706f09C70E23aF0Ed31e35965dC61871C",653
"0x151a856057758250e3A2CfC120ca0A876207d005",261
"0xA5E399D79403D376F178096617fBc38DfB84F32a",649
"0x2c2DC9CE1A2fd9EDC1dEcd605DCE97494196BB77",626
"0x3B42ACaCa0B00c4a7330ca3Ce6071A7666c2aE9b",714
"0x7797bB055B3FE2ae8a0304Eba04654cE58E8db9c",487
"0x41d9d8284e45e8609328A6AB7B2497306D6364aD",525
"0x49a1f7D7dE96e5A054b82054D40a10B155052563",557
"0x762835cC39F3A48213BFB62D4410243A6A05cFb1",235
"0xA2BeA681E50F415E107aB63b4c48E0638d070112",171
"0x43F2A45135038818E101F6dE4a0Cb338e04b5E27",623
"0x8b02221954f11EC2F0685FBaFbE70dbDA587b624",34
"0x4e2d770c2d1381AEc7786954972D3D47b50B60F0",3
"0xe6992114192A6B6Eb61fE826440fCcDB2FB97452",948
"0x74c9d85CAC84B12722cFAed618124ca3eAA3056f",526
"0x0F5212E8942DD36c93A05eD94943C7a8315C890D",817
"0x72422F8487b1Bf7717C291D254D9E241F721ce68",797
"0xDDC3c216E78918cd2391c3A147F2c98162Fd2b96",819
"0xD313a349C868F03af436df025854cAB776d00329",979
"0x0eDFFA6acDF3bF002868cc7E7d825e9777db178a",256
"0xdDc1271531D018Fa21b2236172E01a7a1B1f2C11",131
"0x00c2D2A46606C46Ca4B347b700916d15E0bA0E7D",340
"0x7A30Dc8055afD08a14DC6BF1c6dc409F446EE7C3",426
"0x22F9bd49285aDB238e4b54e0Ea47b0189bd8144E",543
"0x8B19BB5D15f2B4EE0197ca55a3E4eFB70E28e541",2
"0x96eA1f6e078ceF2d1A327d72C01dE2d51a7757D3",1
"0x6cb6a8FAEa1De1A5e3E22e41e4A3173c01289aaf",1
"0x75938eb156914F8324A93C2301cd0681d6974A0C",10
"0x09FDA5fbDA3C46368Fa868d564C876cBF70d204A",1820
"0x84E039Af7de9247b787F6B9862621dEda6d55702",131
"0x4F957675Cb5E88fB483788E38161AdCd57Ef8B84",4
"0x4FBb2Cf6E510647EcD6d499559BfC6da775C8C11",1
"0xe59412390a987169E539bF4381e76771e5F2B0AB",1
"0x9d82cbcf672C910A5123618199F9C0E5e1102eEd",1
"0xfe15cf269aA7cf067210d73AC228E37F89df3534",1
